latitude,longitude,no2,lat1,lat2,lat3,lat4,lon1,lon2,lon3,lon4
50.801197,20.274628,4.1472522e-05,50.773514,50.78023,50.828865,50.82214,20.255621,20.312061,20.293688,20.23719
50.807903,20.331203,5.0913233e-05,50.78023,50.78692,50.835556,50.828865,20.312061,20.368715,20.3504,20.293688
50.814575,20.387997,5.3675965e-05,50.78692,50.793575,50.842213,50.835556,20.368715,20.42559,20.407333,20.3504
50.821217,20.445011,4.7246074e-05,50.793575,50.800194,50.84884,50.842213,20.42559,20.482687,20.46449,20.407333
50.801937,19.865545,6.0818085e-05,50.774166,50.781116,50.8297,50.822746,19.847446,19.902534,19.883728,19.828583
50.808872,19.920757,2.6005078e-05,50.781116,50.788036,50.836624,50.8297,19.902534,19.957815,19.939064,19.883728
50.815777,19.976162,5.6032066e-05,50.788036,50.79492,50.843513,50.836624,19.957815,20.013288,19.994595,19.939064
50.82265,20.031761,1.752175e-05,50.79492,50.801773,50.850372,50.843513,20.013288,20.068958,20.050322,19.994595
50.829487,20.08756,6.450274e-05,50.801773,50.808594,50.857197,50.850372,20.068958,20.12483,20.10625,20.050322
50.836296,20.143564,1.874612e-05,50.808594,50.815384,50.86399,50.857197,20.12483,20.180906,20.162384,20.10625
50.84307,20.199772,3.5849615e-05,50.815384,50.82214,50.87075,50.86399,20.180906,20.237192,20.218727,20.162384
50.84981,20.256193,4.6713998e-05,50.82214,50.82886,50.87748,50.87075,20.237192,20.293688,20.275284,20.218727
50.85652,20.312826,5.1567513e-05,50.82886,50.835552,50.884174,50.87748,20.293688,20.3504,20.332054,20.275284
50.863197,20.369678,3.6786925e-05,50.835552,50.842213,50.890835,50.884174,20.3504,20.407335,20.389046,20.332054
50.869843,20.426752,4.5952405e-05,50.842213,50.84884,50.897465,50.890835,20.407335,20.46449,20.446262,20.389046
50.801033,19.464931,4.3662243e-05,50.773163,50.780342,50.828903,50.821716,19.447617,19.501522,19.482306,19.428345
50.808197,19.518948,5.168737e-05,50.780342,50.78749,50.836056,50.828903,19.501522,19.555595,19.536434,19.482306
50.81533,19.573133,3.6267098e-05,50.78749,50.794605,50.843174,50.836056,19.555595,19.609838,19.590733,19.536434
50.822433,19.627491,5.3461798e-05,50.794605,50.80169,50.85026,50.843174,19.609838,19.664255,19.645205,19.590733
50.829502,19.682024,5.0094237e-05,50.80169,50.808743,50.85732,50.85026,19.664255,19.71885,19.699856,19.645205
50.83654,19.736736,3.5509893e-05,50.808743,50.81576,50.86434,50.85732,19.71885,19.773624,19.754686,19.699856
50.843548,19.79163,1.4915713e-05,50.81576,50.822746,50.871334,50.86434,19.773624,19.828583,19.8097,19.754686
50.850517,19.846708,2.6272965e-05,50.822746,50.8297,50.878292,50.871334,19.828583,19.883728,19.864902,19.8097
50.85746,19.901978,2.8362289e-05,50.8297,50.836624,50.88522,50.878292,19.883728,19.939064,19.920296,19.864902
50.86437,19.95744,3.1254578e-05,50.836624,50.843513,50.892117,50.88522,19.939064,19.994595,19.975882,19.920296
50.871243,20.013096,2.4232973e-05,50.843513,50.850372,50.898975,50.892117,19.994595,20.050322,20.031668,19.975882
50.878086,20.068953,1.1536324e-05,50.850372,50.857197,50.905807,50.898975,20.050322,20.10625,20.087654,20.031668
50.8849,20.125013,5.229694e-05,50.857197,50.86399,50.912605,50.905807,20.10625,20.162384,20.143847,20.087654
50.891678,20.18128,1.5303507e-05,50.86399,50.87075,50.91937,50.912605,20.162384,20.218727,20.200247,20.143847
50.898426,20.237757,1.6005462e-05,50.87075,50.87748,50.9261,50.91937,20.218727,20.275284,20.25686,20.200247
50.90514,20.294449,5.778606e-05,50.87748,50.884174,50.9328,50.9261,20.275284,20.332054,20.31369,20.25686
50.91182,20.35136,4.0841176e-05,50.884174,50.890835,50.93947,50.9328,20.332054,20.389046,20.37074,20.31369
50.91847,20.408493,3.3697783e-05,50.890835,50.897465,50.946102,50.93947,20.389046,20.446262,20.428017,20.37074
50.925083,20.46585,4.194318e-05,50.897465,50.904064,50.9527,50.946102,20.446262,20.503706,20.48552,20.428017
50.805893,19.124613,6.587011e-05,50.777927,50.785305,50.833847,50.82646,19.10792,19.160942,19.14136,19.088284
50.813255,19.177736,3.8414102e-05,50.785305,50.792652,50.841198,50.833847,19.160942,19.214113,19.194586,19.14136
50.82059,19.23101,3.2518194e-05,50.792652,50.79997,50.84852,50.841198,19.214113,19.267437,19.247961,19.194586
50.82789,19.284437,1.1744546e-05,50.79997,50.80725,50.855804,50.84852,19.267437,19.320913,19.301495,19.247961
50.83516,19.33802,5.150112e-05,50.80725,50.8145,50.86306,50.855804,19.320913,19.37455,19.355185,19.301495
50.842392,19.391764,1.1953956e-05,50.8145,50.821716,50.87028,50.86306,19.37455,19.428345,19.409035,19.355185
50.849598,19.44567,2.0766562e-05,50.821716,50.8289,50.877472,50.87028,19.428345,19.482306,19.46305,19.409035
50.85677,19.49974,2.9302046e-05,50.8289,50.836052,50.88463,50.877472,19.482306,19.536434,19.517235,19.46305
50.863907,19.553982,3.442496e-05,50.836052,50.843174,50.891754,50.88463,19.536434,19.590733,19.57159,19.517235
50.871014,19.608395,4.0266194e-05,50.843174,50.85026,50.898846,50.891754,19.590733,19.645206,19.626118,19.57159
50.87809,19.662983,3.9769006e-05,50.85026,50.85732,50.905907,50.898846,19.645206,19.699856,19.680824,19.626118
50.88513,19.717752,2.709364e-05,50.85732,50.86434,50.912937,50.905907,19.699856,19.754686,19.73571,19.680824
50.89214,19.772701,3.5369765e-05,50.86434,50.871334,50.91993,50.912937,19.754686,19.809702,19.790783,19.73571
50.899117,19.827839,3.760335e-05,50.871334,50.878292,50.926895,50.91993,19.809702,19.864902,19.84604,19.790783
50.906063,19.883163,3.3649427e-05,50.878292,50.88522,50.933826,50.926895,19.864902,19.920296,19.901491,19.84604
50.912975,19.93868,2.755597e-05,50.88522,50.892113,50.940727,50.933826,19.920296,19.975883,19.957134,19.901491
50.919857,19.994396,2.4126562e-05,50.892113,50.898975,50.947594,50.940727,19.975883,20.031668,20.012978,19.957134
50.926704,20.05031,6.448324e-05,50.898975,50.905804,50.954426,50.947594,20.031668,20.087654,20.069023,20.012978
50.93352,20.106428,4.522738e-05,50.905804,50.9126,50.961227,50.954426,20.087654,20.143847,20.125273,20.069023
50.940304,20.162754,5.2606567e-05,50.9126,50.91937,50.968,50.961227,20.143847,20.200249,20.181732,20.125273
50.947056,20.21929,4.3195712e-05,50.91937,50.926098,50.974735,50.968,20.200249,20.25686,20.238403,20.181732
50.953773,20.276041,4.320578e-05,50.926098,50.9328,50.981438,50.974735,20.25686,20.313692,20.295294,20.238403
50.960457,20.33301,3.298838e-05,50.9328,50.939465,50.98811,50.981438,20.313692,20.370743,20.352402,20.295294
50.96711,20.390202,2.201572e-05,50.939465,50.9461,50.994747,50.98811,20.370743,20.428017,20.409737,20.352402
50.973732,20.447618,3.6033984e-05,50.9461,50.9527,51.001354,50.994747,20.428017,20.48552,20.4673,20.409737
50.801914,18.736706,1.7860932e-05,50.773857,50.78147,50.829967,50.822346,18.720675,18.77279,18.752789,18.70062
50.809513,18.788912,6.612771e-05,50.78147,50.78905,50.83755,50.829967,18.77279,18.825035,18.805086,18.752789
50.81708,18.841248,3.872862e-05,50.78905,50.7966,50.845104,50.83755,18.825035,18.87741,18.857513,18.805086
50.824615,18.893717,4.800936e-05,50.7966,50.804115,50.852627,50.845104,18.87741,18.92992,18.910076,18.857513
50.832115,18.946321,4.40789e-05,50.804115,50.811596,50.86011,50.852627,18.92992,18.982567,18.962778,18.910076
50.839584,18.999065,4.6056288e-05,50.811596,50.819046,50.86757,50.86011,18.982567,19.035355,19.015617,18.962778
50.84702,19.05195,4.9221217e-05,50.819046,50.82646,50.87499,50.86757,19.035355,19.088284,19.068602,19.015617
50.854424,19.10498,8.103322e-05,50.82646,50.833847,50.882378,50.87499,19.088284,19.14136,19.121733,19.068602
50.861794,19.158157,5.3149895e-05,50.833847,50.841198,50.889736,50.882378,19.14136,19.194586,19.17501,19.121733
50.869133,19.211485,4.000555e-05,50.841198,50.84852,50.89706,50.889736,19.194586,19.247963,19.228443,19.17501
50.87644,19.264967,2.21118e-05,50.84852,50.855804,50.90435,50.89706,19.247963,19.301495,19.28203,19.228443
50.88371,19.318604,2.842027e-05,50.855804,50.86306,50.91161,50.90435,19.301495,19.355185,19.335775,19.28203
50.89095,19.372402,3.512189e-05,50.86306,50.87028,50.918835,50.91161,19.355185,19.409037,19.38968,19.335775
50.89816,19.426363,4.5397006e-05,50.87028,50.877472,50.92603,50.918835,19.409037,19.46305,19.443752,19.38968
50.905334,19.48049,5.4706794e-05,50.877472,50.88463,50.933193,50.92603,19.46305,19.517235,19.497992,19.443752
50.91248,19.534786,3.1511387e-05,50.88463,50.891754,50.940323,50.933193,19.517235,19.57159,19.5524,19.497992
50.91959,19.589256,3.2687185e-05,50.891754,50.898846,50.947422,50.940323,19.57159,19.626118,19.606985,19.5524
50.92667,19.6439,3.3609485e-05,50.898846,50.905907,50.954487,50.947422,19.626118,19.680824,19.661749,19.606985
50.933716,19.698725,3.1265554e-05,50.905907,50.912933,50.961517,50.954487,19.680824,19.73571,19.716692,19.661749
50.94073,19.75373,2.4384854e-05,50.912933,50.91993,50.968517,50.961517,19.73571,19.790783,19.771818,19.716692
50.947712,19.808924,1.8817931e-05,50.91993,50.926895,50.975487,50.968517,19.790783,19.84604,19.827135,19.771818
50.954662,19.864307,2.4946854e-05,50.926895,50.933826,50.98242,50.975487,19.84604,19.901491,19.88264,19.827135
50.96158,19.919882,4.4452645e-05,50.933826,50.940727,50.989326,50.98242,19.901491,19.957136,19.938343,19.88264
50.968464,19.975655,2.6769145e-05,50.940727,50.947594,50.996197,50.989326,19.957136,20.012978,19.994244,19.938343
50.97532,20.031626,3.611975e-05,50.947594,50.954426,51.003036,50.996197,20.012978,20.069023,20.050346,19.994244
50.98214,20.087801,3.0924428e-05,50.954426,50.961227,51.009842,51.003036,20.069023,20.125273,20.106655,20.050346
50.988926,20.144184,3.0686995e-05,50.961227,50.968,51.016617,51.009842,20.125273,20.181732,20.163172,20.106655
50.99568,20.200779,1.8719258e-05,50.968,50.974735,51.023357,51.016617,20.181732,20.238403,20.219902,20.163172
51.002403,20.25759,3.522505e-05,50.974735,50.981438,51.030067,51.023357,20.238403,20.295294,20.276852,20.219902
51.009094,20.314617,1.7613387e-05,50.981438,50.98811,51.036743,51.030067,20.295294,20.352402,20.334019,20.276852
51.01575,20.371868,3.0045394e-05,50.98811,50.994747,51.043385,51.036743,20.352402,20.409737,20.391413,20.334019
51.022373,20.429346,1.9024059e-05,50.994747,51.001354,51.049995,51.043385,20.409737,20.4673,20.449036,20.391413
50.804066,18.405693,4.744258e-05,50.775925,50.783745,50.832207,50.82438,18.390162,18.441614,18.421268,18.369764
50.811874,18.457228,4.9879087e-05,50.783745,50.79153,50.839996,50.832207,18.441614,18.493181,18.472887,18.421268
50.81965,18.508877,3.3953358e-05,50.79153,50.799286,50.847755,50.839996,18.493181,18.54486,18.52462,18.472887
50.82739,18.560642,4.869336e-05,50.799286,50.807007,50.85548,50.847755,18.54486,18.596659,18.57647,18.52462
50.83509,18.612526,4.2992284e-05,50.807007,50.814693,50.863174,50.85548,18.596659,18.648579,18.62844,18.57647
50.842766,18.664534,5.1041367e-05,50.814693,50.822346,50.87083,50.863174,18.648579,18.70062,18.680536,18.62844
50.850403,18.716663,5.3227905e-05,50.822346,50.829964,50.878456,50.87083,18.70062,18.752789,18.732758,18.680536
50.85801,18.768923,4.294175e-05,50.829964,50.83755,50.886047,50.878456,18.752789,18.805086,18.785109,18.732758
50.86558,18.821312,4.5588557e-05,50.83755,50.845104,50.893604,50.886047,18.805086,18.857515,18.83759,18.785109
50.87312,18.873835,6.7390676e-05,50.845104,50.852623,50.90113,50.893604,18.857515,18.910078,18.890205,18.83759
50.880627,18.926493,5.422228e-05,50.852623,50.86011,50.908623,50.90113,18.910078,18.962778,18.94296,18.890205
50.8881,18.97929,5.467945e-05,50.86011,50.867565,50.916084,50.908623,18.962778,19.01562,18.995855,18.94296
50.895542,19.032228,7.660778e-05,50.867565,50.87499,50.92351,50.916084,19.01562,19.068604,19.048893,18.995855
50.90295,19.085312,4.34669e-05,50.87499,50.882378,50.930904,50.92351,19.068604,19.121733,19.102077,19.048893
50.910324,19.138542,4.3130367e-05,50.882378,50.889732,50.938267,50.930904,19.121733,19.175013,19.15541,19.102077
50.917667,19.191925,3.4759025e-05,50.889732,50.897057,50.945595,50.938267,19.175013,19.228443,19.208897,19.15541
50.924976,19.24546,5.055014e-05,50.897057,50.90435,50.952892,50.945595,19.228443,19.28203,19.262539,19.208897
50.932255,19.299154,3.1241485e-05,50.90435,50.911606,50.960155,50.952892,19.28203,19.335775,19.316338,19.262539
50.9395,19.353006,2.0690624e-05,50.911606,50.918835,50.96739,50.960155,19.335775,19.38968,19.3703,19.316338
50.946712,19.407022,4.3525524e-05,50.918835,50.92603,50.974586,50.96739,19.38968,19.443752,19.424427,19.3703
50.953896,19.461206,2.412112e-05,50.92603,50.93319,50.981754,50.974586,19.443752,19.497992,19.478722,19.424427
50.96104,19.515558,5.1406547e-05,50.93319,50.94032,50.988888,50.981754,19.497992,19.552402,19.533188,19.478722
50.96816,19.570082,3.6859896e-05,50.94032,50.94742,50.99599,50.988888,19.552402,19.606987,19.587828,19.533188
50.975243,19.624784,3.1566982e-05,50.94742,50.954483,51.00306,50.99599,19.606987,19.661749,19.642647,19.587828
50.982292,19.679665,4.165783e-05,50.954483,50.961517,51.010098,51.00306,19.661749,19.716692,19.697647,19.642647
50.98931,19.734728,2.7692495e-05,50.961517,50.968517,51.0171,51.010098,19.716692,19.77182,19.75283,19.697647
50.9963,19.789978,3.4157994e-05,50.968517,50.975487,51.024075,51.0171,19.77182,19.827135,19.808203,19.75283
51.003254,19.845417,2.9385083e-05,50.975487,50.98242,51.031017,51.024075,19.827135,19.882643,19.863768,19.808203
51.010178,19.901049,3.6824465e-05,50.98242,50.989326,51.037926,51.031017,19.882643,19.938345,19.919527,19.863768
51.017067,19.956879,1.3455367e-05,50.989326,50.996197,51.0448,51.037926,19.938345,19.994244,19.975485,19.919527
51.023922,20.012909,1.424387e-05,50.996197,51.003036,51.051643,51.0448,19.994244,20.050346,20.031645,19.975485
51.030746,20.069141,5.146854e-05,51.003036,51.009842,51.058453,51.051643,20.050346,20.106655,20.088013,20.031645
51.03754,20.125584,1.8830908e-05,51.009842,51.016613,51.06523,51.058453,20.106655,20.163174,20.144588,20.088013
51.0443,20.182238,3.055834e-05,51.016613,51.023357,51.07198,51.06523,20.163174,20.219904,20.201378,20.144588
51.051025,20.239105,2.835353e-05,51.023357,51.030064,51.07869,51.07198,20.219904,20.276852,20.258385,20.201378
51.05772,20.296192,2.2829483e-05,51.030064,51.03674,51.08537,51.07869,20.276852,20.33402,20.315613,20.258385
51.06438,20.353504,9.913571e-06,51.03674,51.04338,51.09202,51.08537,20.33402,20.391415,20.373066,20.315613
51.07101,20.411041,2.2074393e-05,51.04338,51.04999,51.09863,51.09202,20.391415,20.449036,20.430748,20.373066
51.077606,20.46881,3.9419538e-05,51.04999,51.05657,51.105213,51.09863,20.449036,20.506891,20.488665,20.430748
50.804928,18.078032,5.453161e-05,50.776695,50.78473,50.833157,50.82512,18.062948,18.113834,18.093159,18.042223
50.812946,18.12899,6.3746054e-05,50.78473,50.79273,50.841164,50.833157,18.113834,18.164816,18.144192,18.093159
50.82093,18.180046,4.396185e-05,50.79273,50.800694,50.849133,50.841164,18.164816,18.215897,18.195324,18.144192
50.82888,18.231205,3.8818933e-05,50.800694,50.80862,50.857067,50.849133,18.215897,18.26708,18.24656,18.195324
50.836796,18.282465,7.354797e-05,50.80862,50.816517,50.864967,50.857067,18.26708,18.318369,18.2979,18.24656
50.844677,18.333832,3.5641828e-05,50.816517,50.82438,50.872833,50.864967,18.318369,18.369764,18.349346,18.2979
50.852524,18.38531,6.680306e-05,50.82438,50.832207,50.880665,50.872833,18.369764,18.421268,18.400904,18.349346
50.860336,18.436895,4.0292674e-05,50.832207,50.839996,50.888466,50.880665,18.421268,18.472887,18.452574,18.400904
50.868114,18.488596,5.685307e-05,50.839996,50.847755,50.89623,50.888466,18.472887,18.52462,18.504358,18.452574
50.87586,18.540415,6.181338e-05,50.847755,50.85548,50.903957,50.89623,18.52462,18.57647,18.556261,18.504358
50.88357,18.592352,4.7914808e-05,50.85548,50.863174,50.911655,50.903957,18.57647,18.628443,18.608286,18.556261
50.891247,18.644411,2.426427e-05,50.863174,50.87083,50.91932,50.911655,18.628443,18.680536,18.660435,18.608286
50.89889,18.696594,4.484641e-05,50.87083,50.878456,50.92695,50.91932,18.680536,18.732758,18.712708,18.660435
50.9065,18.748907,2.023442e-05,50.878456,50.886047,50.934544,50.92695,18.732758,18.785109,18.765112,18.712708
50.91408,18.80135,5.9741997e-05,50.886047,50.893604,50.94211,50.934544,18.785109,18.83759,18.817646,18.765112
50.921623,18.853924,2.6391155e-05,50.893604,50.90113,50.94964,50.94211,18.83759,18.890207,18.870317,18.817646
50.929134,18.906637,6.318534e-05,50.90113,50.908623,50.957138,50.94964,18.890207,18.94296,18.923124,18.870317
50.936615,18.959488,5.910054e-05,50.908623,50.916084,50.964603,50.957138,18.94296,18.995855,18.976074,18.923124
50.94406,19.01248,4.844682e-05,50.916084,50.92351,50.972034,50.964603,18.995855,19.048893,19.029165,18.976074
50.951473,19.065619,5.5717705e-05,50.92351,50.930904,50.97943,50.972034,19.048893,19.102077,19.082403,19.029165
50.958855,19.118904,5.1610794e-05,50.930904,50.938267,50.986797,50.97943,19.102077,19.15541,19.135792,19.082403
50.9662,19.17234,3.4089237e-05,50.938267,50.945595,50.994133,50.986797,19.15541,19.208897,19.189333,19.135792
50.973515,19.225931,4.7750265e-05,50.945595,50.952892,51.001434,50.994133,19.208897,19.262539,19.243029,19.189333
50.9808,19.279678,2.4231917e-05,50.952892,50.960155,51.008705,51.001434,19.262539,19.316338,19.296885,19.243029
50.98805,19.333588,4.1008883e-05,50.960155,50.96739,51.01594,51.008705,19.316338,19.3703,19.350903,19.296885
50.995266,19.38766,6.4184285e-05,50.96739,50.974586,51.023144,51.01594,19.3703,19.424427,19.405085,19.350903
51.002453,19.441896,4.089072e-05,50.974586,50.981754,51.030315,51.023144,19.424427,19.478722,19.459435,19.405085
51.009605,19.496305,3.7217847e-05,50.981754,50.988888,51.037457,51.030315,19.478722,19.533188,19.513956,19.459435
51.016727,19.550886,5.1583887e-05,50.988888,50.99599,51.044563,51.037457,19.533188,19.587828,19.568653,19.513956
51.023815,19.605642,3.5299327e-05,50.99599,51.00306,51.051636,51.044563,19.587828,19.642647,19.62353,19.568653
51.030872,19.66058,1.907399e-05,51.00306,51.010098,51.058678,51.051636,19.642647,19.697647,19.678585,19.62353
51.037895,19.7157,3.3766682e-05,51.010098,51.0171,51.06569,51.058678,19.697647,19.75283,19.733828,19.678585
51.044888,19.771008,3.8356196e-05,51.0171,51.024075,51.072666,51.06569,19.75283,19.808203,19.789257,19.733828
51.051846,19.826504,1.9193852e-05,51.024075,51.031017,51.079613,51.072666,19.808203,19.863768,19.84488,19.789257
51.058773,19.882195,3.3317727e-05,51.031017,51.037926,51.086525,51.079613,19.863768,19.919527,19.900696,19.84488
51.065666,19.938082,3.5224857e-05,51.037926,51.0448,51.093403,51.086525,19.919527,19.975485,19.95671,19.900696
51.07253,19.99417,3.17616e-05,51.0448,51.051643,51.100254,51.093403,19.975485,20.031645,20.01293,19.95671
51.079357,20.05046,2.142503e-05,51.051643,51.058453,51.107067,51.100254,20.031645,20.088013,20.069355,20.01293
51.086155,20.10696,5.646333e-05,51.058453,51.06523,51.11385,51.107067,20.088013,20.144588,20.12599,20.069355
51.09292,20.163673,2.2668342e-05,51.06523,51.071976,51.1206,51.11385,20.144588,20.201378,20.182838,20.12599
51.09965,20.2206,3.3069176e-05,51.071976,51.07869,51.127316,51.1206,20.201378,20.258385,20.239904,20.182838
51.106346,20.277746,2.4860563e-05,51.07869,51.08537,51.134003,51.127316,20.258385,20.315613,20.297194,20.239904
51.113014,20.335117,1.8640814e-05,51.08537,51.09202,51.14065,51.134003,20.315613,20.373066,20.354706,20.297194
51.119644,20.392714,2.0035617e-05,51.09202,51.09863,51.14727,51.14065,20.373066,20.430748,20.412449,20.354706
51.126244,20.450542,4.5978435e-05,51.09863,51.10521,51.153854,51.14727,20.430748,20.488665,20.470425,20.412449
50.84529,18.006403,3.9358514e-05,50.81704,50.825115,50.87353,50.865448,17.991383,18.042223,18.021465,17.970573
50.85335,18.057318,5.1870662e-05,50.825115,50.833157,50.881577,50.87353,18.042223,18.093159,18.072453,18.021465
50.861378,18.108328,4.5749297e-05,50.833157,50.84116,50.889587,50.881577,18.093159,18.144192,18.123537,18.072453
50.869366,18.159435,1.44142405e-05,50.84116,50.84913,50.89756,50.889587,18.144192,18.195326,18.174723,18.123537
50.877323,18.210646,4.048858e-05,50.84913,50.857067,50.905502,50.89756,18.195326,18.24656,18.22601,18.174723
50.885242,18.261957,4.6368405e-05,50.857067,50.864967,50.91341,50.905502,18.24656,18.2979,18.277401,18.22601
50.893127,18.313377,3.3517685e-05,50.864967,50.872833,50.92128,50.91341,18.2979,18.349346,18.3289,18.277401
50.90098,18.364904,5.359025e-05,50.872833,50.880665,50.92912,50.92128,18.349346,18.400904,18.380508,18.3289
50.9088,18.416544,4.8603357e-05,50.880665,50.888462,50.93692,50.92912,18.400904,18.452574,18.43223,18.380508
50.91658,18.468298,3.9563176e-05,50.888462,50.896225,50.94469,50.93692,18.452574,18.50436,18.484068,18.43223
50.92433,18.520168,4.896889e-05,50.896225,50.903957,50.952427,50.94469,18.50436,18.556263,18.536024,18.484068
50.93205,18.572159,4.705463e-05,50.903957,50.911655,50.96013,50.952427,18.556263,18.608288,18.588102,18.536024
50.93973,18.62427,4.5294517e-05,50.911655,50.919315,50.967796,50.96013,18.608288,18.660435,18.640303,18.588102
50.94738,18.676508,1.5772923e-05,50.919315,50.92695,50.975433,50.967796,18.660435,18.71271,18.69263,18.640303
50.954994,18.728872,5.0233033e-05,50.92695,50.934544,50.983036,50.975433,18.71271,18.765112,18.745087,18.69263
50.962578,18.781368,6.482383e-05,50.934544,50.94211,50.990604,50.983036,18.765112,18.817648,18.797676,18.745087
50.970127,18.833998,2.6034135e-05,50.94211,50.94964,50.99814,50.990604,18.817648,18.870317,18.850399,18.797676
50.977646,18.886763,6.721626e-05,50.94964,50.957134,51.005642,50.99814,18.870317,18.923126,18.903261,18.850399
50.985126,18.939667,3.3935707e-05,50.957134,50.9646,51.01311,51.005642,18.923126,18.976074,18.956264,18.903261
50.99258,18.992714,5.418517e-05,50.9646,50.97203,51.02055,51.01311,18.976074,19.029165,19.00941,18.956264
50.999996,19.045906,1.74455e-05,50.97203,50.97943,51.027954,51.02055,19.029165,19.082405,19.062704,19.00941
51.00738,19.099247,1.916519e-05,50.97943,50.986797,51.035324,51.027954,19.082405,19.135794,19.116146,19.062704
51.014736,19.152739,6.485011e-05,50.986797,50.99413,51.042664,51.035324,19.135794,19.189333,19.169743,19.116146
51.022057,19.206385,3.0285726e-05,50.99413,51.00143,51.04997,51.042664,19.189333,19.24303,19.223494,19.169743
51.029343,19.260187,4.4131983e-05,51.00143,51.0087,51.057243,51.04997,19.24303,19.296886,19.277405,19.223494
51.0366,19.314152,1.0907111e-05,51.0087,51.015938,51.064484,51.057243,19.296886,19.350903,19.331476,19.277405
51.04382,19.368279,3.9093615e-05,51.015938,51.023144,51.071693,51.064484,19.350903,19.405085,19.385715,19.331476
51.05101,19.422571,2.9665012e-05,51.023144,51.030315,51.07887,51.071693,19.405085,19.459436,19.44012,19.385715
51.05817,19.477036,1.131013e-05,51.030315,51.037453,51.086014,51.07887,19.459436,19.513958,19.4947,19.44012
51.065292,19.531673,3.0666844e-05,51.037453,51.04456,51.09313,51.086014,19.513958,19.568655,19.549454,19.4947
51.072388,19.586487,3.638745e-05,51.04456,51.051636,51.100204,51.09313,19.568655,19.62353,19.604385,19.549454
51.07945,19.641481,2.7788534e-05,51.051636,51.058678,51.107254,51.100204,19.62353,19.678587,19.659498,19.604385
51.086475,19.696657,3.2455602e-05,51.058678,51.065685,51.11427,51.107254,19.678587,19.733828,19.714798,19.659498
51.09347,19.752022,5.5794928e-05,51.065685,51.072666,51.12125,51.11427,19.733828,19.789257,19.770285,19.714798
51.100437,19.807575,2.782387e-05,51.072666,51.07961,51.1282,51.12125,19.789257,19.84488,19.825964,19.770285
51.10737,19.863323,3.469719e-05,51.07961,51.08652,51.135117,51.1282,19.84488,19.900696,19.881838,19.825964
51.114265,19.91927,3.5620567e-05,51.08652,51.093403,51.142002,51.135117,19.900696,19.956713,19.937912,19.881838
51.12113,19.975414,4.6518202e-05,51.093403,51.10025,51.148853,51.142002,19.956713,20.012932,19.99419,19.937912
51.127968,20.031765,4.699498e-05,51.10025,51.107067,51.155674,51.148853,20.012932,20.069357,20.050674,19.99419
51.13477,20.088324,3.141075e-05,51.107067,51.11385,51.16246,51.155674,20.069357,20.125992,20.107367,20.050674
51.141537,20.145096,1.694707e-05,51.11385,51.120598,51.169216,51.16246,20.125992,20.18284,20.164276,20.107367
51.148273,20.202082,1.2194993e-05,51.120598,51.127316,51.175938,51.169216,20.18284,20.239906,20.221401,20.164276
51.154976,20.259289,2.7211156e-05,51.127316,51.134,51.182625,51.175938,20.239906,20.297194,20.27875,20.221401
51.161644,20.31672,6.441177e-05,51.134,51.14065,51.18928,51.182625,20.297194,20.354708,20.33632,20.27875
51.16828,20.374376,7.867828e-06,51.14065,51.14727,51.195904,51.18928,20.354708,20.412449,20.394125,20.33632
51.174885,20.432264,1.5032361e-05,51.14727,51.153854,51.20249,51.195904,20.412449,20.470425,20.452162,20.394125
50.901764,18.03657,4.5993038e-05,50.87353,50.881577,50.929985,50.921932,18.021465,18.072453,18.0517,18.000662
50.909794,18.08763,5.09017e-05,50.881577,50.889587,50.938,50.929985,18.072453,18.123537,18.102837,18.0517
50.91779,18.13879,2.8556185e-05,50.889587,50.89756,50.94598,50.938,18.123537,18.174723,18.154072,18.102837
50.92575,18.19005,4.641342e-05,50.89756,50.905502,50.953926,50.94598,18.174723,18.22601,18.20541,18.154072
50.933678,18.241415,5.5128865e-05,50.905502,50.91341,50.961838,50.953926,18.22601,18.277401,18.256855,18.20541
50.94157,18.292887,3.4913137e-05,50.91341,50.92128,50.969715,50.961838,18.277401,18.3289,18.308405,18.256855
50.949425,18.344467,5.0991715e-05,50.92128,50.92912,50.97756,50.969715,18.3289,18.380508,18.360067,18.308405
50.95725,18.396158,6.602877e-05,50.92912,50.93692,50.985367,50.97756,18.380508,18.432232,18.411842,18.360067
50.96504,18.447964,4.4071145e-05,50.93692,50.94469,50.993145,50.985367,18.432232,18.484068,18.463732,18.411842
50.972794,18.499887,5.464027e-05,50.94469,50.952427,51.000885,50.993145,18.484068,18.536024,18.515741,18.463732
50.980515,18.55193,3.7796588e-05,50.952427,50.96013,51.00859,51.000885,18.536024,18.588102,18.567871,18.515741
50.988205,18.604095,3.5896737e-05,50.96013,50.967796,51.016266,51.00859,18.588102,18.640303,18.620125,18.567871
50.995857,18.656385,4.1635467e-05,50.967796,50.975433,51.023907,51.016266,18.640303,18.69263,18.672506,18.620125
51.00348,18.708803,3.9928567e-05,50.975433,50.983036,51.031513,51.023907,18.69263,18.745087,18.725016,18.672506
51.011066,18.761353,3.744739e-05,50.983036,50.990604,51.039085,51.031513,18.745087,18.797676,18.777658,18.725016
51.018623,18.814035,1.5825672e-05,50.990604,50.99814,51.046627,51.039085,18.797676,18.850399,18.830437,18.777658
51.026142,18.866856,3.5227597e-05,50.99814,51.005642,51.054134,51.046627,18.850399,18.903261,18.883352,18.830437
51.033634,18.919813,4.8631955e-05,51.005642,51.01311,51.06161,51.054134,18.903261,18.956264,18.936409,18.883352
51.04109,18.972916,3.3762622e-05,51.01311,51.02055,51.069054,51.06161,18.956264,19.00941,18.989609,18.936409
51.04851,19.026161,4.5945795e-05,51.02055,51.027954,51.07646,51.069054,19.00941,19.062704,19.042957,18.989609
51.0559,19.079557,4.364949e-05,51.027954,51.035324,51.08384,51.07646,19.062704,19.116146,19.096455,19.042957
51.06326,19.133102,1.6927037e-05,51.035324,51.042664,51.091183,51.08384,19.116146,19.169743,19.150106,19.096455
51.070583,19.186804,2.5800045e-05,51.042664,51.04997,51.098495,51.091183,19.169743,19.223494,19.203913,19.150106
51.077877,19.240662,3.146768e-05,51.04997,51.057243,51.105774,51.098495,19.223494,19.277405,19.25788,19.203913
51.085136,19.294682,5.164331e-06,51.057243,51.064484,51.113018,51.105774,19.277405,19.331476,19.312006,19.25788
51.092365,19.348864,3.819664e-05,51.064484,51.071693,51.120235,51.113018,19.331476,19.385715,19.3663,19.312006
51.09956,19.403214,3.3696306e-05,51.071693,51.07887,51.127415,51.120235,19.385715,19.44012,19.420763,19.3663
51.106724,19.457735,1.6468706e-05,51.07887,51.086014,51.134563,51.127415,19.44012,19.4947,19.475397,19.420763
51.113853,19.512428,3.3570825e-05,51.086014,51.093124,51.14168,51.134563,19.4947,19.549454,19.530207,19.475397
51.120953,19.567299,3.170128e-05,51.093124,51.100204,51.148766,51.14168,19.549454,19.604385,19.585196,19.530207
51.128017,19.622349,2.4151082e-05,51.100204,51.107254,51.15582,51.148766,19.604385,19.659498,19.640366,19.585196
51.13505,19.677584,2.52572e-05,51.107254,51.11427,51.162838,51.15582,19.659498,19.714798,19.695723,19.640366
51.14205,19.733004,3.15042e-05,51.11427,51.12125,51.169823,51.162838,19.714798,19.770285,19.751266,19.695723
51.14902,19.788616,2.3685665e-05,51.12125,51.1282,51.176777,51.169823,19.770285,19.825964,19.807005,19.751266
51.155956,19.844421,1.9018342e-05,51.1282,51.135117,51.1837,51.176777,19.825964,19.881838,19.862938,19.807005
51.16286,19.900425,4.260044e-05,51.135117,51.142002,51.19059,51.1837,19.881838,19.937914,19.91907,19.862938
51.16973,19.956629,2.8082317e-05,51.142002,51.148853,51.19745,51.19059,19.937914,19.99419,19.975405,19.91907
51.17657,20.013039,1.9678377e-05,51.148853,51.155674,51.20427,51.19745,19.99419,20.050674,20.031948,19.975405
51.183376,20.069656,1.9173578e-05,51.155674,51.16246,51.211063,51.20427,20.050674,20.107367,20.088701,20.031948
51.190147,20.126486,1.4121189e-05,51.16246,51.169216,51.217823,51.211063,20.107367,20.164276,20.145668,20.088701
51.196888,20.183533,2.1880962e-05,51.169216,51.175938,51.22455,51.217823,20.164276,20.221401,20.202852,20.145668
51.203594,20.240799,4.5927438e-05,51.175938,51.182625,51.23124,51.22455,20.221401,20.27875,20.26026,20.202852
51.21027,20.298288,4.4392753e-05,51.182625,51.18928,51.2379,51.23124,20.27875,20.33632,20.317894,20.26026
51.21691,20.356005,3.4993423e-05,51.18928,51.195904,51.244526,51.2379,20.33632,20.394125,20.375757,20.317894
51.22352,20.413956,2.052188e-05,51.195904,51.20249,51.25112,51.244526,20.394125,20.452162,20.433853,20.375757
51.230095,20.472141,3.934746e-05,51.20249,51.20905,51.257683,51.25112,20.452162,20.510435,20.49219,20.433853
50.950157,18.015759,1.42031295e-05,50.921932,50.92998,50.978386,50.97033,18.000662,18.0517,18.030901,17.97981
50.958195,18.06687,4.271492e-05,50.92998,50.938,50.98641,50.978386,18.0517,18.102837,18.082088,18.030901
50.966194,18.118082,5.1249597e-05,50.938,50.94598,50.994392,50.98641,18.102837,18.154074,18.133377,18.082088
50.974163,18.169395,2.0950958e-05,50.94598,50.953926,51.002346,50.994392,18.154074,18.205412,18.184767,18.133377
50.982094,18.220812,3.1061903e-05,50.953926,50.961838,51.01026,51.002346,18.205412,18.256855,18.236261,18.184767
50.98999,18.272335,3.655188e-05,50.961838,50.969715,51.018147,51.01026,18.256855,18.308407,18.287865,18.236261
50.997852,18.323967,4.215963e-05,50.969715,50.97756,51.025993,51.018147,18.308407,18.360067,18.339579,18.287865
51.005684,18.375711,4.4309592e-05,50.97756,50.985367,51.03381,51.025993,18.360067,18.411842,18.391407,18.339579
51.013477,18.427568,4.5754805e-05,50.985367,50.99314,51.041588,51.03381,18.411842,18.463734,18.44335,18.391407
51.021236,18.479544,3.8055576e-05,50.99314,51.00088,51.049335,51.041588,18.463734,18.515741,18.49541,18.44335
51.028965,18.531641,4.8607897e-05,51.00088,51.00859,51.05705,51.049335,18.515741,18.567871,18.547594,18.49541
51.03666,18.583858,5.2159965e-05,51.00859,51.016262,51.064728,51.05705,18.567871,18.620127,18.599901,18.547594
51.04432,18.636202,4.9634436e-05,51.016262,51.023903,51.072372,51.064728,18.620127,18.672506,18.652336,18.599901
51.051945,18.688673,5.8147816e-05,51.023903,51.031513,51.079987,51.072372,18.672506,18.725016,18.704899,18.652336
51.059536,18.741276,5.5433426e-05,51.031513,51.039085,51.087566,51.079987,18.725016,18.777658,18.757595,18.704899
51.067097,18.794012,3.2605436e-05,51.039085,51.046627,51.09511,51.087566,18.777658,18.830437,18.810427,18.757595
51.074623,18.846886,4.4281554e-05,51.046627,51.054134,51.102623,51.09511,18.830437,18.883352,18.863398,18.810427
51.08212,18.899899,4.4079552e-05,51.054134,51.061607,51.110104,51.102623,18.883352,18.936409,18.916508,18.863398
51.08958,18.953054,3.426985e-05,51.061607,51.06905,51.117554,51.110104,18.936409,18.98961,18.969763,18.916508
51.097008,19.006355,2.8616647e-05,51.06905,51.07646,51.124966,51.117554,18.98961,19.042957,19.023167,18.969763
51.104404,19.059805,2.0246183e-05,51.07646,51.083836,51.132347,51.124966,19.042957,19.096457,19.07672,19.023167
51.111767,19.113407,3.6926336e-05,51.083836,51.091183,51.139698,51.132347,19.096457,19.150106,19.130424,19.07672
51.119095,19.167164,1.2466935e-05,51.091183,51.09849,51.147015,51.139698,19.150106,19.203913,19.184286,19.130424
51.126392,19.221077,3.767783e-05,51.09849,51.10577,51.154297,51.147015,19.203913,19.25788,19.238308,19.184286
51.13366,19.275152,4.8072816e-05,51.10577,51.113018,51.16155,51.154297,19.25788,19.312008,19.292492,19.238308
51.140892,19.32939,3.4945602e-05,51.113018,51.12023,51.16877,51.16155,19.312008,19.3663,19.346842,19.292492
51.14809,19.383795,3.5190213e-05,51.12023,51.127415,51.175953,51.16877,19.3663,19.420763,19.401361,19.346842
51.15526,19.438372,3.360751e-05,51.127415,51.134563,51.18311,51.175953,19.420763,19.475399,19.456053,19.401361
51.162395,19.493122,1.0705165e-05,51.134563,51.141678,51.19023,51.18311,19.475399,19.530209,19.510918,19.456053
51.1695,19.54805,1.1308492e-05,51.141678,51.14876,51.19732,51.19023,19.530209,19.585197,19.565964,19.510918
51.176567,19.603157,7.35321e-06,51.14876,51.155815,51.204376,51.19732,19.585197,19.640368,19.621191,19.565964
51.183605,19.658447,2.67066e-05,51.155815,51.162834,51.2114,51.204376,19.640368,19.695723,19.676605,19.621191
51.190613,19.713926,8.999896e-06,51.162834,51.169823,51.21839,51.2114,19.695723,19.751268,19.732206,19.676605
51.197586,19.769596,3.913282e-05,51.169823,51.176777,51.22535,51.21839,19.751268,19.807005,19.788002,19.732206
51.204525,19.825459,3.4385106e-05,51.176777,51.183697,51.232277,51.22535,19.807005,19.862938,19.843992,19.788002
51.211433,19.881521,4.0574076e-05,51.183697,51.19059,51.239174,51.232277,19.862938,19.919071,19.900183,19.843992
51.21831,19.937784,4.7649813e-05,51.19059,51.197445,51.246033,51.239174,19.919071,19.975407,19.956577,19.900183
51.22515,19.994251,-1.5459691e-06,51.197445,51.20427,51.25286,51.246033,19.975407,20.031948,20.013178,19.956577
51.231964,20.050928,2.6857291e-05,51.20427,51.21106,51.25966,51.25286,20.031948,20.088701,20.06999,20.013178
51.23874,20.107817,2.8009732e-05,51.21106,51.21782,51.266422,51.25966,20.088701,20.145668,20.127018,20.06999
51.245483,20.164923,4.304523e-05,51.21782,51.224545,51.27315,51.266422,20.145668,20.202854,20.184261,20.127018
51.252197,20.222248,2.9255863e-05,51.224545,51.23124,51.27985,51.27315,20.202854,20.260262,20.24173,20.184261
51.258877,20.279799,4.9883423e-05,51.23124,51.2379,51.286514,51.27985,20.260262,20.317894,20.299423,20.24173
51.265522,20.337576,3.4036275e-05,51.2379,51.244526,51.293144,51.286514,20.317894,20.375757,20.357347,20.299423
51.272133,20.395586,2.0295105e-05,51.244526,51.251118,51.299744,51.293144,20.375757,20.433855,20.415504,20.357347
51.278713,20.45383,7.28952e-06,51.251118,51.25768,51.30631,51.299744,20.433855,20.49219,20.473902,20.415504
51.00662,18.046097,1.9669586e-05,50.978386,50.98641,51.034847,51.026817,18.030901,18.082088,18.061333,18.010094
51.014626,18.097359,5.1755804e-05,50.98641,50.994392,51.04284,51.034847,18.082088,18.133377,18.11267,18.061333
51.0226,18.148724,2.8855135e-05,50.994392,51.002346,51.050797,51.04284,18.133377,18.184767,18.164114,18.11267
51.030537,18.200193,2.8589748e-05,51.002346,51.01026,51.05872,51.050797,18.184767,18.236261,18.215662,18.164114
51.038437,18.251768,2.4884954e-05,51.01026,51.018147,51.06661,51.05872,18.236261,18.287865,18.267319,18.215662
51.046307,18.303453,1.6802873e-05,51.018147,51.025993,51.074463,51.06661,18.287865,18.33958,18.319084,18.267319
51.054142,18.35525,5.9036324e-06,51.025993,51.03381,51.08228,51.074463,18.33958,18.391407,18.370964,18.319084
51.061943,18.40716,3.7810372e-05,51.03381,51.041588,51.090065,51.08228,18.391407,18.44335,18.42296,18.370964
51.069706,18.459188,2.9703893e-05,51.041588,51.049335,51.09782,51.090065,18.44335,18.49541,18.475075,18.42296
51.07744,18.511337,3.63943e-05,51.049335,51.05705,51.105537,51.09782,18.49541,18.547594,18.527311,18.475075
51.08514,18.563608,3.782396e-05,51.05705,51.064728,51.11322,51.105537,18.547594,18.599901,18.579672,18.527311
51.092804,18.616007,3.7395967e-05,51.064728,51.072372,51.120872,51.11322,18.599901,18.652336,18.63216,18.579672
51.100437,18.668531,3.719893e-05,51.072372,51.079987,51.12849,51.120872,18.652336,18.704899,18.684778,18.63216
51.108036,18.721188,6.724038e-05,51.079987,51.087566,51.136074,51.12849,18.704899,18.757595,18.737528,18.684778
51.1156,18.77398,7.089717e-05,51.087566,51.09511,51.143627,51.136074,18.757595,18.810427,18.790413,18.737528
51.12313,18.826906,2.776097e-05,51.09511,51.102623,51.151146,51.143627,18.810427,18.863398,18.843437,18.790413
51.13063,18.879972,2.8648597e-05,51.102623,51.110104,51.15863,51.151146,18.863398,18.916508,18.896603,18.843437
51.138096,18.933184,4.419293e-05,51.110104,51.117554,51.166084,51.15863,18.916508,18.969763,18.949913,18.896603
51.14553,18.98654,4.6621553e-05,51.117554,51.124966,51.173504,51.166084,18.969763,19.023167,19.00337,18.949913
51.15293,19.040045,2.5905472e-05,51.124966,51.132347,51.18089,51.173504,19.023167,19.07672,19.056978,19.00337
51.1603,19.0937,3.3634118e-05,51.132347,51.139698,51.188244,51.18089,19.07672,19.130424,19.11074,19.056978
51.167633,19.147512,3.6145928e-05,51.139698,51.147015,51.195564,51.188244,19.130424,19.184286,19.164658,19.11074
51.17494,19.20148,2.757966e-05,51.147015,51.154297,51.202854,51.195564,19.184286,19.238308,19.218735,19.164658
51.18221,19.255611,3.203148e-05,51.154297,51.16155,51.21011,51.202854,19.238308,19.292492,19.272974,19.218735
51.189445,19.309906,3.4198412e-05,51.16155,51.168766,51.217335,51.21011,19.292492,19.346842,19.327381,19.272974
51.19665,19.364368,3.8733197e-05,51.168766,51.175953,51.224525,51.217335,19.346842,19.401361,19.381956,19.327381
51.203823,19.419,1.9388423e-05,51.175953,51.18311,51.231686,51.224525,19.401361,19.456053,19.436705,19.381956
51.210964,19.473808,2.7049706e-05,51.18311,51.19023,51.23881,51.231686,19.456053,19.510918,19.491627,19.436705
51.21807,19.528791,1.954538e-05,51.19023,51.19732,51.245907,51.23881,19.510918,19.565964,19.54673,19.491627
51.225147,19.583956,1.0496312e-05,51.19732,51.204376,51.252968,51.245907,19.565964,19.621191,19.602015,19.54673
51.23219,19.639305,2.997668e-05,51.204376,51.2114,51.26,51.252968,19.621191,19.676605,19.657486,19.602015
51.2392,19.694841,2.3875931e-05,51.2114,51.21839,51.266994,51.26,19.676605,19.732206,19.713146,19.657486
51.246178,19.750568,3.1897387e-05,51.21839,51.22535,51.273956,51.266994,19.732206,19.788002,19.769,19.713146
51.253124,19.80649,5.007811e-05,51.22535,51.232277,51.280888,51.273956,19.788002,19.843992,19.825048,19.769
51.260036,19.86261,3.564144e-05,51.232277,51.23917,51.28779,51.280888,19.843992,19.900183,19.881298,19.825048
51.26692,19.91893,2.7517033e-05,51.23917,51.246033,51.294655,51.28779,19.900183,19.956577,19.93775,19.881298
51.273766,19.975458,2.480321e-05,51.246033,51.25286,51.301487,51.294655,19.956577,20.01318,19.994411,19.93775
51.28058,20.032194,1.5204256e-05,51.25286,51.25966,51.30829,51.301487,20.01318,20.06999,20.051283,19.994411
51.28736,20.089142,2.4370695e-05,51.25966,51.266422,51.315056,51.30829,20.06999,20.127018,20.108368,20.051283
51.29411,20.146307,4.297381e-05,51.266422,51.27315,51.321793,51.315056,20.127018,20.184263,20.165674,20.108368
51.300827,20.203693,2.7583117e-05,51.27315,51.27985,51.328495,51.321793,20.184263,20.24173,20.223202,20.165674
51.30751,20.261303,1.3784436e-05,51.27985,51.286514,51.335163,51.328495,20.24173,20.299423,20.280954,20.223202
51.31416,20.319141,1.568944e-05,51.286514,51.293144,51.341797,51.335163,20.299423,20.357347,20.33894,20.280954
51.320778,20.377213,5.5255558e-05,51.293144,51.299744,51.3484,51.341797,20.357347,20.415504,20.39716,20.33894
51.327362,20.43552,3.8735387e-05,51.299744,51.30631,51.35497,51.3484,20.415504,20.473902,20.455616,20.39716
51.05503,18.025288,3.173618e-05,51.026817,51.034843,51.08324,51.075207,18.010094,18.061333,18.040524,17.989231
51.063046,18.076603,1.1896316e-05,51.034843,51.042835,51.09124,51.08324,18.061333,18.112673,18.091915,18.040524
51.071022,18.12802,1.8534325e-05,51.042835,51.050793,51.0992,51.09124,18.112673,18.164114,18.14341,18.091915
51.078964,18.17954,5.8353413e-05,51.050793,51.058716,51.107132,51.0992,18.164114,18.215662,18.19501,18.14341
51.086872,18.231169,1.8031069e-05,51.058716,51.066605,51.115025,51.107132,18.215662,18.267319,18.246717,18.19501
51.09475,18.282906,2.3868755e-05,51.066605,51.07446,51.122883,51.115025,18.267319,18.319086,18.298538,18.246717
51.10259,18.334755,3.8582206e-05,51.07446,51.08228,51.13071,51.122883,18.319086,18.370966,18.35047,18.298538
51.110394,18.386719,5.0368853e-05,51.08228,51.090065,51.1385,51.13071,18.370966,18.422962,18.40252,18.35047
51.118164,18.4388,2.6983595e-05,51.090065,51.097816,51.14626,51.1385,18.422962,18.475077,18.454687,18.40252
51.125904,18.491003,4.2939406e-05,51.097816,51.105534,51.15398,51.14626,18.475077,18.527313,18.506977,18.454687
51.133606,18.543327,4.941205e-05,51.105534,51.11322,51.16167,51.15398,18.527313,18.579674,18.559391,18.506977
51.141277,18.595778,3.837456e-05,51.11322,51.120872,51.169327,51.16167,18.579674,18.63216,18.611933,18.559391
51.148914,18.648357,5.879742e-05,51.120872,51.12849,51.176952,51.169327,18.63216,18.684778,18.664604,18.611933
51.156517,18.701067,3.4550358e-05,51.12849,51.136074,51.18454,51.176952,18.684778,18.737528,18.717407,18.664604
51.16409,18.753912,2.5835212e-05,51.136074,51.143623,51.192097,51.18454,18.737528,18.790415,18.770348,18.717407
51.171627,18.806894,5.2356445e-05,51.143623,51.151142,51.19962,51.192097,18.790415,18.84344,18.823427,18.770348
51.17913,18.860016,3.8074035e-05,51.151142,51.15863,51.20711,51.19962,18.84344,18.896605,18.876646,18.823427
51.186604,18.91328,3.888467e-05,51.15863,51.16608,51.21457,51.20711,18.896605,18.949915,18.930012,18.876646
51.194042,18.966692,4.4951375e-05,51.16608,51.1735,51.221992,51.21457,18.949915,19.003372,18.983524,18.930012
51.201447,19.02025,4.3435502e-05,51.1735,51.18089,51.229385,51.221992,19.003372,19.05698,19.037188,18.983524
51.20882,19.073963,2.3073557e-05,51.18089,51.188244,51.236744,51.229385,19.05698,19.11074,19.091003,19.037188
51.21616,19.127829,3.455122e-05,51.188244,51.195564,51.244072,51.236744,19.11074,19.164658,19.144978,19.091003
51.22347,19.181854,2.1352618e-05,51.195564,51.202854,51.251366,51.244072,19.164658,19.218735,19.19911,19.144978
51.230743,19.23604,3.2435542e-05,51.202854,51.21011,51.258625,51.251366,19.218735,19.272976,19.253407,19.19911
51.237984,19.290392,4.9177466e-05,51.21011,51.217335,51.265854,51.258625,19.272976,19.327381,19.307869,19.253407
51.245197,19.34491,2.645779e-05,51.217335,51.224525,51.273052,51.265854,19.327381,19.381956,19.362501,19.307869
51.252373,19.3996,4.5974153e-05,51.224525,51.23168,51.280216,51.273052,19.381956,19.436705,19.417305,19.362501
51.259518,19.454462,4.2703658e-05,51.23168,51.23881,51.287346,51.280216,19.436705,19.491629,19.472286,19.417305
51.266632,19.509504,2.130735e-05,51.23881,51.245903,51.294445,51.287346,19.491629,19.54673,19.527445,19.472286
51.273712,19.564726,4.0307496e-05,51.245903,51.252964,51.30151,51.294445,19.54673,19.602016,19.582787,19.527445
51.280758,19.620132,2.1153397e-05,51.252964,51.259995,51.308544,51.30151,19.602016,19.657486,19.638315,19.582787
51.287773,19.675726,4.048699e-05,51.259995,51.26699,51.315548,51.308544,19.657486,19.713146,19.694035,19.638315
51.294758,19.73151,3.4139768e-05,51.26699,51.273956,51.322514,51.315548,19.713146,19.769,19.749945,19.694035
51.30171,19.78749,3.9924507e-05,51.273956,51.280888,51.329453,51.322514,19.769,19.825048,19.806053,19.749945
51.308624,19.84367,4.9771752e-05,51.280888,51.287785,51.336353,51.329453,19.825048,19.881298,19.862362,19.806053
51.31551,19.90005,3.70916e-05,51.287785,51.29465,51.343227,51.336353,19.881298,19.937752,19.918873,19.862362
51.32236,19.956635,2.1865286e-05,51.29465,51.301487,51.350063,51.343227,19.937752,19.994411,19.975592,19.918873
51.32918,20.01343,3.4809203e-05,51.301487,51.308285,51.35687,51.350063,19.994411,20.051283,20.032524,19.975592
51.335968,20.070438,3.21275e-05,51.308285,51.315056,51.36364,51.35687,20.051283,20.10837,20.08967,20.032524
51.34272,20.127663,1.4234258e-05,51.315056,51.32179,51.37038,51.36364,20.10837,20.165674,20.147034,20.08967
51.34944,20.185108,2.5790743e-05,51.32179,51.32849,51.377087,51.37038,20.165674,20.223202,20.204622,20.147034
51.35613,20.242779,3.0383377e-05,51.32849,51.33516,51.383762,51.377087,20.223202,20.280956,20.262436,20.204622
51.362785,20.300678,2.3564759e-05,51.33516,51.341797,51.3904,51.383762,20.280956,20.33894,20.320482,20.262436
51.369404,20.35881,2.6557465e-05,51.341797,51.3484,51.397007,51.3904,20.33894,20.39716,20.378761,20.320482
51.37599,20.41718,1.9266812e-05,51.3484,51.35497,51.40358,51.397007,20.39716,20.455618,20.43728,20.378761
51.38255,20.475788,4.8950238e-05,51.35497,51.361504,51.410122,51.40358,20.455618,20.514318,20.496044,20.43728
51.103436,18.004433,3.4277506e-05,51.075207,51.08324,51.13166,51.123623,17.989233,18.040524,18.019672,17.96833
51.111454,18.0558,3.1755324e-05,51.08324,51.09124,51.139664,51.13166,18.040524,18.091915,18.071117,18.019672
51.119434,18.107267,4.19838e-05,51.09124,51.0992,51.147633,51.139664,18.091915,18.14341,18.122663,18.071117
51.127384,18.158842,1.8408175e-05,51.0992,51.10713,51.155567,51.147633,18.14341,18.19501,18.174316,18.122663
51.1353,18.210522,3.583893e-05,51.10713,51.115025,51.163467,51.155567,18.19501,18.246717,18.226078,18.174316
51.143177,18.262312,1.7817583e-05,51.115025,51.122883,51.17133,51.163467,18.246717,18.298538,18.27795,18.226078
51.151024,18.314215,2.568649e-05,51.122883,51.130707,51.17916,51.17133,18.298538,18.35047,18.329935,18.27795
51.158833,18.36623,3.6212678e-05,51.130707,51.1385,51.18696,51.17916,18.35047,18.40252,18.382038,18.329935
51.16661,18.418365,4.224491e-05,51.1385,51.146255,51.19472,51.18696,18.40252,18.454687,18.43426,18.382038
51.174355,18.470621,2.8830777e-05,51.146255,51.15398,51.20245,51.19472,18.454687,18.506977,18.486603,18.43426
51.182064,18.522999,4.3226395e-05,51.15398,51.16167,51.210144,51.20245,18.506977,18.559391,18.53907,18.486603
51.18974,18.575502,4.7426493e-05,51.16167,51.169327,51.217808,51.210144,18.559391,18.611933,18.591665,18.53907
51.19738,18.628136,2.3203242e-05,51.169327,51.17695,51.225437,51.217808,18.611933,18.664604,18.64439,18.591665
51.20499,18.6809,3.467809e-05,51.17695,51.18454,51.233032,51.225437,18.664604,18.717407,18.697248,18.64439
51.212566,18.733799,4.3576747e-05,51.18454,51.192097,51.240593,51.233032,18.717407,18.770348,18.750244,18.697248
51.220108,18.786837,4.3861874e-05,51.192097,51.19962,51.24812,51.240593,18.770348,18.823427,18.803377,18.750244
51.22762,18.840012,1.9788506e-05,51.19962,51.20711,51.255615,51.24812,18.823427,18.876646,18.856651,18.803377
51.235096,18.893332,2.215353e-05,51.20711,51.21457,51.26308,51.255615,18.876646,18.930012,18.910072,18.856651
51.24254,18.946798,4.0775787e-05,51.21457,51.221992,51.270508,51.26308,18.930012,18.983524,18.963638,18.910072
51.24995,19.000412,3.3605535e-05,51.221992,51.229385,51.277905,51.270508,18.983524,19.037188,19.017357,18.963638
51.257328,19.05418,8.7991495e-05,51.229385,51.236744,51.28527,51.277905,19.037188,19.091003,19.07123,19.017357
51.264675,19.108103,8.600412e-05,51.236744,51.244072,51.292603,51.28527,19.091003,19.144978,19.12526,19.07123
51.271988,19.162184,9.338162e-05,51.244072,51.251366,51.2999,51.292603,19.144978,19.19911,19.17945,19.12526
51.279266,19.216425,0.000112577625,51.251366,51.258625,51.307167,51.2999,19.19911,19.253407,19.2338,19.17945
51.286514,19.270832,8.809262e-05,51.258625,51.265854,51.3144,51.307167,19.253407,19.307869,19.288319,19.2338
51.293728,19.325407,3.8149617e-05,51.265854,51.273052,51.3216,51.3144,19.307869,19.362501,19.343008,19.288319
51.30091,19.380154,3.6715606e-05,51.273052,51.280216,51.32877,51.3216,19.362501,19.417305,19.39787,19.343008
51.30806,19.435074,3.6523677e-05,51.280216,51.287346,51.335907,51.32877,19.417305,19.472286,19.452908,19.39787
51.315178,19.490171,3.9202645e-05,51.287346,51.294445,51.34301,51.335907,19.472286,19.527445,19.508123,19.452908
51.32226,19.545452,2.6709258e-05,51.294445,51.30151,51.350082,51.34301,19.527445,19.582787,19.563524,19.508123
51.329315,19.600916,1.7736515e-05,51.30151,51.308544,51.35712,51.350082,19.582787,19.638315,19.61911,19.563524
51.336334,19.656567,4.0766037e-05,51.308544,51.315548,51.36413,51.35712,19.638315,19.694035,19.674887,19.61911
51.343323,19.71241,3.754847e-05,51.315548,51.322514,51.3711,51.36413,19.694035,19.749945,19.730856,19.674887
51.350277,19.76845,5.1470284e-05,51.322514,51.329453,51.37804,51.3711,19.749945,19.806053,19.787022,19.730856
51.3572,19.824686,1.0975073e-05,51.329453,51.336353,51.38495,51.37804,19.806053,19.862362,19.84339,19.787022
51.36409,19.881124,3.2699005e-05,51.336353,51.343227,51.391823,51.38495,19.862362,19.918873,19.89996,19.84339
51.370945,19.937769,5.368905e-05,51.343227,51.350063,51.398666,51.391823,19.918873,19.975592,19.95674,19.89996
51.37777,19.994623,2.0036252e-05,51.350063,51.35687,51.405476,51.398666,19.975592,20.032524,20.01373,19.95674
51.384563,20.051691,4.040111e-05,51.35687,51.36364,51.412254,51.405476,20.032524,20.08967,20.070936,20.01373
51.39132,20.108976,3.1609175e-05,51.36364,51.37038,51.419,51.412254,20.08967,20.147034,20.12836,20.070936
51.398045,20.166483,2.6551455e-05,51.37038,51.377087,51.42571,51.419,20.147034,20.204622,20.186008,20.12836
51.404736,20.224215,4.7390226e-05,51.377087,51.383762,51.432384,51.42571,20.204622,20.262436,20.243885,20.186008
51.411396,20.282173,3.1320833e-05,51.383762,51.3904,51.43903,51.432384,20.262436,20.320482,20.30199,20.243885
51.418022,20.340366,4.3555854e-05,51.3904,51.397007,51.44564,51.43903,20.320482,20.378761,20.360332,20.30199
51.424614,20.398796,3.7871825e-05,51.397007,51.40358,51.45222,51.44564,20.378761,20.43728,20.418913,20.360332
51.43117,20.457468,3.2068307e-05,51.40358,51.410122,51.458763,51.45222,20.43728,20.496044,20.477737,20.418913
51.159878,18.03496,1.6388469e-05,51.131657,51.139664,51.18809,51.18008,18.019674,18.071117,18.0503,17.998804
51.167866,18.086481,3.8547176e-05,51.139664,51.14763,51.196064,51.18809,18.071117,18.122663,18.1019,18.0503
51.17582,18.138107,4.261467e-05,51.14763,51.155563,51.204002,51.196064,18.122663,18.174316,18.153605,18.1019
51.18374,18.18984,3.243641e-05,51.155563,51.163464,51.211906,51.204002,18.174316,18.226078,18.20542,18.153605
51.191624,18.241684,6.073213e-05,51.163464,51.17133,51.21978,51.211906,18.226078,18.27795,18.257345,18.20542
51.199474,18.293638,3.7128644e-05,51.17133,51.17916,51.227615,51.21978,18.27795,18.329937,18.309383,18.257345
51.20729,18.345709,2.4305988e-05,51.17916,51.186954,51.235416,51.227615,18.329937,18.382038,18.361538,18.309383
51.215073,18.397896,3.622047e-05,51.186954,51.194717,51.243187,51.235416,18.382038,18.43426,18.413815,18.361538
51.222824,18.450205,2.519166e-05,51.194717,51.20245,51.25092,51.243187,18.43426,18.486603,18.466211,18.413815
51.230537,18.502638,3.298561e-05,51.20245,51.210144,51.25862,51.25092,18.486603,18.53907,18.518732,18.466211
51.23822,18.555195,3.3940716e-05,51.210144,51.217804,51.26629,51.25862,18.53907,18.591665,18.57138,18.518732
51.245865,18.607882,2.6379304e-05,51.217804,51.225433,51.273922,51.26629,18.591665,18.644392,18.62416,18.57138
51.25348,18.660702,4.560754e-05,51.225433,51.23303,51.28152,51.273922,18.644392,18.69725,18.677074,18.62416
51.261063,18.713654,1.2222198e-05,51.23303,51.24059,51.28909,51.28152,18.69725,18.750244,18.730124,18.677074
51.26861,18.766745,4.0181712e-05,51.24059,51.24812,51.296623,51.28909,18.750244,18.803377,18.783312,18.730124
51.276123,18.819977,6.106467e-05,51.24812,51.255615,51.304123,51.296623,18.803377,18.856653,18.836641,18.783312
51.283607,18.873352,6.8120295e-05,51.255615,51.263077,51.311592,51.304123,18.856653,18.910072,18.890116,18.836641
51.291054,18.926872,9.370655e-05,51.263077,51.270508,51.319027,51.311592,18.910072,18.96364,18.943739,18.890116
51.29847,18.980543,0.00010212865,51.270508,51.277905,51.326427,51.319027,18.96364,19.017359,18.997513,18.943739
51.305855,19.034365,8.5127496e-05,51.277905,51.285267,51.333797,51.326427,19.017359,19.07123,19.051441,18.997513
51.313206,19.088343,9.101264e-05,51.285267,51.2926,51.341133,51.333797,19.07123,19.12526,19.105528,19.051441
51.320522,19.14248,7.344055e-05,51.2926,51.2999,51.34844,51.341133,19.12526,19.17945,19.159773,19.105528
51.32781,19.19678,4.9653187e-05,51.2999,51.307167,51.35571,51.34844,19.17945,19.2338,19.214182,19.159773
51.33506,19.251242,1.8822453e-05,51.307167,51.3144,51.362946,51.35571,19.2338,19.28832,19.268757,19.214182
51.34228,19.305874,3.170357e-05,51.3144,51.3216,51.370155,51.362946,19.28832,19.343008,19.323502,19.268757
51.34947,19.360678,1.6276124e-05,51.3216,51.32877,51.377327,51.370155,19.343008,19.397871,19.37842,19.323502
51.35662,19.415655,9.411504e-06,51.32877,51.335907,51.384468,51.377327,19.397871,19.452908,19.433516,19.37842
51.363743,19.47081,1.720918e-05,51.335907,51.34301,51.391575,51.384468,19.452908,19.508125,19.48879,19.433516
51.370834,19.526148,1.9616378e-05,51.34301,51.35008,51.39865,51.391575,19.508125,19.563524,19.544249,19.48879
51.37789,19.581669,4.7907328e-05,51.35008,51.357117,51.405697,51.39865,19.563524,19.619112,19.599892,19.544249
51.384914,19.637379,5.3411084e-05,51.357117,51.364124,51.412704,51.405697,19.619112,19.674887,19.655727,19.599892
51.391907,19.693281,3.8088147e-05,51.364124,51.371098,51.419685,51.412704,19.674887,19.730856,19.711756,19.655727
51.39887,19.749376,1.3075832e-05,51.371098,51.37804,51.42663,51.419685,19.730856,19.787024,19.76798,19.711756
51.405796,19.805674,3.7807757e-05,51.37804,51.384945,51.433544,51.42663,19.787024,19.84339,19.824406,19.76798
51.41269,19.862171,3.9437335e-05,51.384945,51.391823,51.440422,51.433544,19.84339,19.899961,19.881037,19.824406
51.419548,19.918875,6.5547116e-05,51.391823,51.398666,51.44727,51.440422,19.899961,19.95674,19.937876,19.881037
51.42638,19.97579,3.7861115e-05,51.398666,51.405476,51.454082,51.44727,19.95674,20.013731,19.994926,19.937876
51.433174,20.032917,4.5125013e-05,51.405476,51.41225,51.460865,51.454082,20.013731,20.070936,20.052193,19.994926
51.439938,20.090261,4.5664132e-05,51.41225,51.418995,51.467613,51.460865,20.070936,20.12836,20.109678,20.052193
51.446667,20.14783,3.0834817e-05,51.418995,51.425705,51.47433,51.467613,20.12836,20.18601,20.167387,20.109678
51.45336,20.20562,3.667839e-05,51.425705,51.432384,51.48101,51.47433,20.18601,20.243885,20.225323,20.167387
51.460026,20.263641,3.3434168e-05,51.432384,51.43903,51.48766,51.48101,20.243885,20.301992,20.283491,20.225323
51.466656,20.321896,3.9821476e-05,51.43903,51.44564,51.494274,51.48766,20.301992,20.360332,20.341894,20.283491
51.47325,20.380386,4.686184e-05,51.44564,51.452217,51.50086,51.494274,20.360332,20.418915,20.400537,20.341894
51.479816,20.43912,5.380277e-05,51.452217,51.45876,51.507404,51.50086,20.418915,20.47774,20.459423,20.400537
51.2083,18.01411,5.0310868e-05,51.18008,51.18809,51.236496,51.22848,17.998804,18.0503,18.029446,17.977898
51.216297,18.065683,4.531643e-05,51.18809,51.196064,51.244473,51.236496,18.0503,18.1019,18.081099,18.029446
51.224255,18.117361,3.3386972e-05,51.196064,51.204002,51.25242,51.244473,18.1019,18.153605,18.132856,18.081099
51.23218,18.169147,3.781875e-05,51.204002,51.211906,51.26033,51.25242,18.153605,18.20542,18.184723,18.132856
51.24007,18.221043,4.9181763e-05,51.211906,51.21978,51.268208,51.26033,18.20542,18.257345,18.2367,18.184723
51.247925,18.273052,3.5604528e-05,51.21978,51.227615,51.276047,51.268208,18.257345,18.309383,18.288794,18.2367
51.25575,18.325176,3.782292e-05,51.227615,51.235416,51.283855,51.276047,18.309383,18.36154,18.341002,18.288794
51.263535,18.377417,3.1293992e-05,51.235416,51.243183,51.29163,51.283855,18.36154,18.413815,18.393332,18.341002
51.27129,18.42978,3.425013e-05,51.243183,51.25092,51.29937,51.29163,18.413815,18.466211,18.445782,18.393332
51.27901,18.482265,4.0493444e-05,51.25092,51.25862,51.307076,51.29937,18.466211,18.518732,18.498358,18.445782
51.286697,18.534878,4.2420827e-05,51.25862,51.26629,51.314747,51.307076,18.518732,18.57138,18.55106,18.498358
51.29435,18.587618,4.3543474e-05,51.26629,51.273922,51.322388,51.314747,18.57138,18.62416,18.603895,18.55106
51.301968,18.640491,9.852642e-05,51.273922,51.28152,51.32999,51.322388,18.62416,18.677074,18.656862,18.603895
51.309555,18.6935,7.394163e-05,51.28152,51.28909,51.337563,51.32999,18.677074,18.730124,18.709965,18.656862
51.31711,18.746645,6.2536776e-05,51.28909,51.296623,51.345104,51.337563,18.730124,18.783312,18.763208,18.709965
51.324627,18.799932,6.99918e-05,51.296623,51.304123,51.352608,51.345104,18.783312,18.836641,18.816593,18.763208
51.332115,18.853361,7.671753e-05,51.304123,51.311592,51.36008,51.352608,18.836641,18.890116,18.870125,18.816593
51.33957,18.906939,8.922823e-05,51.311592,51.319027,51.367523,51.36008,18.890116,18.943739,18.923803,18.870125
51.34699,18.960665,6.6576176e-05,51.319027,51.326427,51.374928,51.367523,18.943739,18.997513,18.977633,18.923803
51.354378,19.014544,2.4364712e-05,51.326427,51.333797,51.382305,51.374928,18.997513,19.051441,19.031616,18.977633
51.361732,19.068577,5.2301813e-05,51.333797,51.341133,51.389645,51.382305,19.051441,19.105528,19.085758,19.031616
51.369057,19.12277,4.0099672e-05,51.341133,51.34844,51.396954,51.389645,19.105528,19.159773,19.14006,19.085758
51.376347,19.177126,1.4132297e-05,51.34844,51.35571,51.404232,51.396954,19.159773,19.214182,19.194525,19.14006
51.383602,19.231646,1.9888346e-05,51.35571,51.362946,51.411476,51.404232,19.214182,19.268757,19.249157,19.194525
51.390827,19.286333,4.8926177e-05,51.362946,51.37015,51.418686,51.411476,19.268757,19.323502,19.30396,19.249157
51.39802,19.341194,3.921608e-05,51.37015,51.377327,51.425865,51.418686,19.323502,19.37842,19.358936,19.30396
51.40518,19.396229,2.8625405e-05,51.377327,51.384468,51.43301,51.425865,19.37842,19.433516,19.414087,19.358936
51.412308,19.451443,3.5823174e-05,51.384468,51.391575,51.440125,51.43301,19.433516,19.48879,19.46942,19.414087
51.419403,19.506838,4.2071137e-05,51.391575,51.39865,51.447205,51.440125,19.48879,19.544249,19.524937,19.46942
51.426464,19.562416,5.9230533e-05,51.39865,51.405697,51.45425,51.447205,19.544249,19.599894,19.580639,19.524937
51.433495,19.618185,5.197503e-05,51.405697,51.412704,51.461266,51.45425,19.599894,19.655727,19.636532,19.580639
51.44049,19.674145,4.0357125e-05,51.412704,51.419685,51.46825,51.461266,19.655727,19.711756,19.69262,19.636532
51.447453,19.7303,5.891863e-05,51.419685,51.42663,51.4752,51.46825,19.711756,19.76798,19.748903,19.69262
51.454384,19.786655,3.298088e-05,51.42663,51.433544,51.482117,51.4752,19.76798,19.824406,19.805387,19.748903
51.461285,19.843214,3.0770443e-05,51.433544,51.440422,51.489002,51.482117,19.824406,19.881037,19.862078,19.805387
51.46815,19.899977,3.1677733e-05,51.440422,51.44727,51.495853,51.489002,19.881037,19.937876,19.918976,19.862078
51.474983,19.956951,3.771274e-05,51.44727,51.454082,51.502674,51.495853,19.937876,19.994926,19.976086,19.918976
51.481785,20.01414,3.6557496e-05,51.454082,51.460865,51.50946,51.502674,19.994926,20.052193,20.033413,19.976086
51.488552,20.071545,4.6219568e-05,51.460865,51.467613,51.516212,51.50946,20.052193,20.109678,20.09096,20.033413
51.495285,20.129171,2.8153547e-05,51.467613,51.47433,51.52293,51.516212,20.109678,20.167387,20.14873,20.09096
51.501987,20.187025,2.9249617e-05,51.47433,51.48101,51.529617,51.52293,20.167387,20.225323,20.206726,20.14873
51.50865,20.245106,2.9951289e-05,51.48101,51.48766,51.53627,51.529617,20.225323,20.283491,20.264956,20.206726
51.51529,20.303423,2.8929451e-05,51.48766,51.494274,51.542892,51.53627,20.283491,20.341894,20.32342,20.264956
51.52189,20.361977,3.6424757e-05,51.494274,51.50086,51.549477,51.542892,20.341894,20.400537,20.382126,20.32342
51.528454,20.42077,2.1648408e-05,51.50086,51.507404,51.55603,51.549477,20.400537,20.459423,20.441074,20.382126
51.53499,20.479813,2.9366884e-05,51.507404,51.51392,51.56255,51.55603,20.459423,20.518559,20.50027,20.441074
51.264675,18.044823,4.405504e-05,51.236492,51.244473,51.29287,51.284885,18.029446,18.081099,18.060253,18.008549
51.27264,18.096554,2.491674e-05,51.244473,51.25242,51.30082,51.29287,18.081099,18.132856,18.112064,18.060253
51.28057,18.148394,2.6279184e-05,51.25242,51.260326,51.30874,51.30082,18.132856,18.184723,18.163984,18.112064
51.288467,18.200342,4.8227736e-05,51.260326,51.268204,51.31662,51.30874,18.184723,18.236702,18.216015,18.163984
51.29633,18.252403,4.847257e-05,51.268204,51.276047,51.324467,51.31662,18.236702,18.288794,18.268162,18.216015
51.304157,18.30458,2.1649728e-05,51.276047,51.28385,51.33228,51.324467,18.288794,18.341003,18.320423,18.268162
51.31195,18.356874,2.6069556e-05,51.28385,51.291626,51.340057,51.33228,18.341003,18.393332,18.372807,18.320423
51.31971,18.40929,5.448616e-05,51.291626,51.299366,51.347805,51.340057,18.393332,18.445782,18.42531,18.372807
51.327435,18.46183,9.311502e-05,51.299366,51.30707,51.355515,51.347805,18.445782,18.498358,18.47794,18.42531
51.33513,18.514498,8.9711844e-05,51.30707,51.314743,51.363194,51.355515,18.498358,18.551062,18.530697,18.47794
51.342785,18.567293,8.710689e-05,51.314743,51.322384,51.37084,51.363194,18.551062,18.603895,18.583586,18.530697
51.35041,18.62022,9.491253e-05,51.322384,51.32999,51.37845,51.37084,18.603895,18.656862,18.636608,18.583586
51.358,18.673283,4.9855636e-05,51.32999,51.337563,51.386024,51.37845,18.656862,18.709967,18.689766,18.636608
51.365562,18.726482,3.9069295e-05,51.337563,51.3451,51.39357,51.386024,18.709967,18.76321,18.743065,18.689766
51.373085,18.779825,2.8011818e-05,51.3451,51.352608,51.40108,51.39357,18.76321,18.816595,18.796505,18.743065
51.380577,18.83331,5.1841624e-05,51.352608,51.36008,51.40856,51.40108,18.816595,18.870125,18.850092,18.796505
51.38804,18.886942,3.058101e-05,51.36008,51.36752,51.416004,51.40856,18.870125,18.923803,18.903826,18.850092
51.395466,18.940723,4.7645728e-05,51.36752,51.374928,51.423416,51.416004,18.923803,18.977633,18.95771,18.903826
51.40286,18.994658,3.4880413e-05,51.374928,51.3823,51.430798,51.423416,18.977633,19.031618,19.011751,18.95771
51.410217,19.048748,4.857213e-05,51.3823,51.389645,51.438145,51.430798,19.031618,19.085758,19.065948,19.011751
51.417545,19.102997,3.6760408e-05,51.389645,51.396954,51.445457,51.438145,19.085758,19.14006,19.120306,19.065948
51.424843,19.157408,1.9903035e-05,51.396954,51.40423,51.45274,51.445457,19.14006,19.194527,19.174828,19.120306
51.432102,19.211985,-2.7824099e-06,51.40423,51.411472,51.459988,51.45274,19.194527,19.249159,19.229517,19.174828
51.439335,19.266731,2.7262475e-05,51.411472,51.418682,51.467205,51.459988,19.249159,19.30396,19.284376,19.229517
51.44653,19.321648,4.8329675e-05,51.418682,51.42586,51.47439,51.467205,19.30396,19.358936,19.33941,19.284376
51.453697,19.37674,7.628729e-05,51.42586,51.433006,51.48154,51.47439,19.358936,19.41409,19.39462,19.33941
51.460827,19.43201,5.305338e-05,51.433006,51.44012,51.48866,51.48154,19.41409,19.469421,19.45001,19.39462
51.467926,19.487463,5.6015648e-05,51.44012,51.4472,51.495743,51.48866,19.469421,19.524937,19.505585,19.45001
51.474995,19.5431,4.9681395e-05,51.4472,51.45425,51.502796,51.495743,19.524937,19.580639,19.561344,19.505585
51.48203,19.598928,3.750577e-05,51.45425,51.461266,51.509815,51.502796,19.580639,19.636532,19.617296,19.561344
51.48903,19.654945,3.9979055e-05,51.461266,51.468246,51.516804,51.509815,19.636532,19.69262,19.673443,19.617296
51.496,19.71116,3.2861735e-05,51.468246,51.475197,51.523758,51.516804,19.69262,19.748903,19.729786,19.673443
51.502934,19.767574,6.0163184e-05,51.475197,51.482117,51.53068,51.523758,19.748903,19.80539,19.78633,19.729786
51.50984,19.824192,4.8541235e-05,51.482117,51.489002,51.53757,51.53068,19.80539,19.86208,19.843079,19.78633
51.51671,19.881014,4.7313126e-05,51.489002,51.495853,51.544426,51.53757,19.86208,19.918978,19.900038,19.843079
51.52355,19.93805,3.9579932e-05,51.495853,51.50267,51.55125,51.544426,19.918978,19.976088,19.957207,19.900038
51.530354,19.995296,2.9156161e-05,51.50267,51.509457,51.55804,51.55125,19.976088,20.033413,20.014595,19.957207
51.537125,20.052763,2.026987e-05,51.509457,51.51621,51.5648,51.55804,20.033413,20.09096,20.0722,20.014595
51.54386,20.11045,6.456012e-05,51.51621,51.52293,51.571526,51.5648,20.09096,20.14873,20.130032,20.0722
51.550568,20.168364,4.7568898e-05,51.52293,51.529617,51.578217,51.571526,20.14873,20.206728,20.188091,20.130032
51.55724,20.226507,2.5066116e-05,51.529617,51.53627,51.584873,51.578217,20.206728,20.264956,20.246382,20.188091
51.56388,20.284883,6.476918e-06,51.53627,51.54289,51.591496,51.584873,20.264956,20.323421,20.304909,20.246382
51.570484,20.3435,1.6685992e-05,51.54289,51.549477,51.598087,51.591496,20.323421,20.382126,20.363674,20.304909
51.577057,20.402357,2.7473669e-05,51.549477,51.556026,51.604645,51.598087,20.382126,20.441074,20.422686,20.363674
51.583595,20.46146,2.7131593e-05,51.556026,51.562546,51.611168,51.604645,20.441074,20.500273,20.481945,20.422686
51.313103,18.023954,4.579227e-05,51.284885,51.29287,51.34131,51.333317,18.008549,18.060253,18.039402,17.987644
51.32107,18.075737,5.0566898e-05,51.29287,51.30082,51.349266,51.34131,18.060253,18.112064,18.091267,18.039402
51.32901,18.12763,1.6560847e-05,51.30082,51.308735,51.357185,51.349266,18.112064,18.163984,18.14324,18.091267
51.33691,18.179632,4.7868445e-05,51.308735,51.31662,51.365074,51.357185,18.163984,18.216015,18.195324,18.14324
51.344776,18.231747,5.881816e-05,51.31662,51.324467,51.37293,51.365074,18.216015,18.268162,18.247524,18.195324
51.35261,18.283978,8.168883e-05,51.324467,51.33228,51.380745,51.37293,18.268162,18.320423,18.29984,18.247524
51.36041,18.336327,8.8182795e-05,51.33228,51.340057,51.38853,51.380745,18.320423,18.372807,18.352276,18.29984
51.368176,18.388796,7.455646e-05,51.340057,51.347805,51.396282,51.38853,18.372807,18.42531,18.404835,18.352276
51.375904,18.44139,9.59841e-05,51.347805,51.355515,51.404,51.396282,18.42531,18.47794,18.45752,18.404835
51.383602,18.49411,4.3777804e-05,51.355515,51.363194,51.411682,51.404,18.47794,18.530697,18.51033,18.45752
51.391266,18.54696,4.825011e-05,51.363194,51.37084,51.41933,51.411682,18.530697,18.583586,18.563274,18.51033
51.3989,18.599943,5.1058923e-05,51.37084,51.37845,51.42695,51.41933,18.583586,18.636608,18.61635,18.563274
51.406494,18.653059,3.1823583e-05,51.37845,51.386024,51.434532,51.42695,18.636608,18.689766,18.669565,18.61635
51.41406,18.706316,2.8083627e-05,51.386024,51.39357,51.44208,51.434532,18.689766,18.743065,18.722918,18.669565
51.42159,18.759712,3.717914e-05,51.39357,51.40108,51.449596,51.44208,18.743065,18.796505,18.776413,18.722918
51.429085,18.813251,2.7659218e-05,51.40108,51.408558,51.45708,51.449596,18.796505,18.850092,18.830055,18.776413
51.43655,18.86694,6.0831557e-05,51.408558,51.416004,51.46453,51.45708,18.850092,18.903826,18.883844,18.830055
51.44398,18.920776,3.3987275e-05,51.416004,51.423416,51.47195,51.46453,18.903826,18.95771,18.937786,18.883844
51.45138,18.974768,4.046811e-05,51.423416,51.430798,51.479332,51.47195,18.95771,19.011751,18.991882,18.937786
51.458748,19.028913,2.4769783e-05,51.430798,51.438145,51.486687,51.479332,19.011751,19.065948,19.046137,18.991882
51.46608,19.08322,5.3221484e-05,51.438145,51.445457,51.494003,51.486687,19.065948,19.120306,19.100552,19.046137
51.47338,19.137688,1.657189e-05,51.445457,51.45274,51.501293,51.494003,19.120306,19.17483,19.15513,19.100552
51.480648,19.192322,2.6117144e-05,51.45274,51.459988,51.508545,51.501293,19.17483,19.229517,19.209877,19.15513
51.48788,19.247124,4.3512668e-05,51.459988,51.467205,51.515766,51.508545,19.229517,19.284378,19.264793,19.209877
51.495087,19.3021,1.52210305e-05,51.467205,51.47439,51.522953,51.515766,19.284378,19.33941,19.319885,19.264793
51.502254,19.357248,3.3042463e-05,51.47439,51.48154,51.53011,51.522953,19.33941,19.39462,19.375153,19.319885
51.50939,19.412577,1.6639418e-05,51.48154,51.48866,51.537235,51.53011,19.39462,19.45001,19.430601,19.375153
51.516495,19.468088,2.6670186e-05,51.48866,51.495743,51.544323,51.537235,19.45001,19.505585,19.486233,19.430601
51.523567,19.523785,4.8876947e-05,51.495743,51.502796,51.551384,51.544323,19.505585,19.561344,19.542053,19.486233
51.530605,19.57967,5.4814256e-05,51.502796,51.509815,51.558407,51.551384,19.561344,19.617296,19.598063,19.542053
51.537613,19.635746,4.520753e-05,51.509815,51.516804,51.5654,51.558407,19.617296,19.673443,19.654268,19.598063
51.544586,19.69202,4.234834e-05,51.516804,51.523758,51.57236,51.5654,19.673443,19.729786,19.71067,19.654268
51.55153,19.748493,6.305139e-05,51.523758,51.53068,51.57929,51.57236,19.729786,19.78633,19.767275,19.71067
51.558437,19.80517,4.522949e-05,51.53068,51.53757,51.58618,51.57929,19.78633,19.843079,19.824083,19.767275
51.56531,19.862053,5.3153184e-05,51.53757,51.544426,51.59304,51.58618,19.843079,19.900038,19.881102,19.824083
51.572155,19.919147,3.5512974e-05,51.544426,51.55125,51.59987,51.59304,19.900038,19.957209,19.938334,19.881102
51.578964,19.976456,4.407684e-05,51.55125,51.55804,51.606667,51.59987,19.957209,20.014595,19.99578,19.938334
51.58574,20.033981,2.357185e-05,51.55804,51.5648,51.613426,51.606667,20.014595,20.0722,20.053448,19.99578
51.592484,20.09173,3.3573477e-05,51.5648,51.57152,51.620155,51.613426,20.0722,20.130032,20.11134,20.053448
51.599194,20.149706,2.089543e-05,51.57152,51.578217,51.626854,51.620155,20.130032,20.188091,20.16946,20.11134
51.60587,20.20791,2.8356288e-05,51.578217,51.584873,51.633514,51.626854,20.188091,20.246382,20.227812,20.16946
51.612514,20.26635,2.2249737e-05,51.584873,51.591496,51.640144,51.633514,20.246382,20.304909,20.286402,20.227812
51.61912,20.325027,3.6676996e-05,51.591496,51.598087,51.64674,51.640144,20.304909,20.363674,20.34523,20.286402
51.625698,20.383947,3.1386204e-05,51.598087,51.604645,51.6533,51.64674,20.363674,20.422686,20.404305,20.34523
51.63224,20.443113,1.7432105e-05,51.604645,51.611168,51.65983,51.6533,20.422686,20.481945,20.463627,20.404305
51.361507,18.003065,4.1299587e-05,51.333317,51.34131,51.38969,51.381695,17.987646,18.039404,18.01853,17.966719
51.369484,18.054903,6.4706364e-05,51.34131,51.349262,51.39765,51.38969,18.039404,18.091267,18.070446,18.01853
51.377426,18.106848,8.504661e-05,51.349262,51.357185,51.40558,51.39765,18.091267,18.14324,18.122473,18.070446
51.38533,18.158903,7.690204e-05,51.357185,51.365074,51.41347,51.40558,18.14324,18.195326,18.174612,18.122473
51.393204,18.211071,8.945877e-05,51.365074,51.372925,51.42133,51.41347,18.195326,18.247524,18.226864,18.174612
51.401043,18.263355,4.509905e-05,51.372925,51.380745,51.429153,51.42133,18.247524,18.29984,18.279236,18.226864
51.408848,18.31576,4.5242767e-05,51.380745,51.388527,51.436943,51.429153,18.29984,18.352278,18.331726,18.279236
51.41662,18.368282,5.9960174e-05,51.388527,51.39628,51.444702,51.436943,18.352278,18.404835,18.384338,18.331726
51.424355,18.42093,3.5511406e-05,51.39628,51.403996,51.452423,51.444702,18.404835,18.45752,18.437077,18.384338
51.432056,18.473705,4.490323e-05,51.403996,51.41168,51.460114,51.452423,18.45752,18.510332,18.489943,18.437077
51.439728,18.526611,1.3447248e-05,51.41168,51.41933,51.467766,51.460114,18.510332,18.563274,18.54294,18.489943
51.44736,18.579647,2.8992596e-05,51.41933,51.426945,51.475388,51.467766,18.563274,18.616352,18.596073,18.54294
51.454964,18.63282,5.3831536e-05,51.426945,51.43453,51.48298,51.475388,18.616352,18.669565,18.649342,18.596073
51.462532,18.68613,3.503568e-05,51.43453,51.442078,51.490532,51.48298,18.669565,18.72292,18.702751,18.649342
51.47007,18.739582,4.8905098e-05,51.442078,51.449596,51.498055,51.490532,18.72292,18.776415,18.756302,18.702751
51.477573,18.793179,4.4300396e-05,51.449596,51.457077,51.505543,51.498055,18.776415,18.830055,18.81,18.756302
51.485043,18.846922,1.90967e-05,51.457077,51.46453,51.513,51.505543,18.830055,18.883846,18.863846,18.81
51.492477,18.900816,3.3578457e-05,51.46453,51.471947,51.52042,51.513,18.883846,18.937788,18.917843,18.863846
51.49988,18.954863,3.1644424e-05,51.471947,51.479332,51.527813,51.52042,18.937788,18.991884,18.971996,18.917843
51.50725,19.009066,3.399435e-05,51.479332,51.486683,51.535168,51.527813,18.991884,19.046139,19.026306,18.971996
51.51459,19.063427,2.1364835e-05,51.486683,51.494003,51.542492,51.535168,19.046139,19.100554,19.080778,19.026306
51.521896,19.117952,3.5527595e-05,51.494003,51.50129,51.549786,51.542492,19.100554,19.155132,19.135414,19.080778
51.52917,19.172644,1.813102e-05,51.50129,51.508545,51.557045,51.549786,19.155132,19.209879,19.190218,19.135414
51.536407,19.227503,3.503356e-05,51.508545,51.515762,51.56427,51.557045,19.209879,19.264795,19.245192,19.190218
51.543617,19.282536,3.9059116e-05,51.515762,51.522953,51.57146,51.56427,19.264795,19.319885,19.30034,19.245192
51.550793,19.337744,4.58495e-05,51.522953,51.53011,51.578625,51.57146,19.319885,19.375153,19.355667,19.30034
51.557934,19.39313,2.4968896e-05,51.53011,51.53723,51.58575,51.578625,19.375153,19.430601,19.411173,19.355667
51.56504,19.448698,3.3372176e-05,51.53723,51.544323,51.592846,51.58575,19.430601,19.486235,19.466864,19.411173
51.57212,19.504454,3.307049e-05,51.544323,51.55138,51.59991,51.592846,19.486235,19.542053,19.522741,19.466864
51.579163,19.560398,4.162582e-05,51.55138,51.558407,51.60694,51.59991,19.542053,19.598064,19.578812,19.522741
51.586174,19.616533,3.3517525e-05,51.558407,51.5654,51.613937,51.60694,19.598064,19.654268,19.635075,19.578812
51.59315,19.672867,3.0246452e-05,51.5654,51.572357,51.620903,51.613937,19.654268,19.71067,19.691536,19.635075
51.600098,19.729399,4.057819e-05,51.572357,51.579285,51.627834,51.620903,19.71067,19.767275,19.748201,19.691536
51.60701,19.786135,3.269237e-05,51.579285,51.586178,51.63473,51.627834,19.767275,19.824085,19.805069,19.748201
51.61389,19.843079,3.2814827e-05,51.586178,51.59304,51.641598,51.63473,19.824085,19.881104,19.862148,19.805069
51.62074,19.900232,3.269765e-05,51.59304,51.59987,51.64843,51.641598,19.881104,19.938334,19.91944,19.862148
51.627552,19.957602,3.7312686e-05,51.59987,51.606663,51.65523,51.64843,19.938334,19.99578,19.976948,19.91944
51.634335,20.01519,2.8972749e-05,51.606663,51.613426,51.662,51.65523,19.99578,20.053448,20.034678,19.976948
51.641083,20.073,3.0963307e-05,51.613426,51.620155,51.66873,51.662,20.053448,20.111341,20.09263,20.034678
51.647797,20.131037,2.897536e-05,51.620155,51.62685,51.67543,51.66873,20.111341,20.16946,20.150812,20.09263
51.654476,20.189302,1.8457851e-05,51.62685,51.633514,51.6821,51.67543,20.16946,20.227814,20.209227,20.150812
51.661125,20.247805,3.038695e-05,51.633514,51.64014,51.688732,51.6821,20.227814,20.286402,20.267878,20.209227
51.66774,20.306543,1.6156751e-05,51.64014,51.646736,51.69533,51.688732,20.286402,20.345232,20.326769,20.267878
51.67432,20.365526,2.0435473e-05,51.646736,51.653297,51.701897,51.69533,20.345232,20.404306,20.385906,20.326769
51.680866,20.424755,1.5091482e-05,51.653297,51.659824,51.708427,51.701897,20.404306,20.463629,20.445293,20.385906
51.417877,18.034016,9.041129e-05,51.38969,51.39765,51.446064,51.438095,18.01853,18.070448,18.04954,17.997568
51.425827,18.086014,8.0871905e-05,51.39765,51.40558,51.454,51.446064,18.070448,18.122473,18.10162,18.04954
51.43374,18.138123,2.63197e-05,51.40558,51.41347,51.461895,51.454,18.122473,18.174612,18.15381,18.10162
51.441616,18.190346,3.9027334e-05,51.41347,51.42133,51.46976,51.461895,18.174612,18.226866,18.206118,18.15381
51.449463,18.242683,4.181259e-05,51.42133,51.429153,51.47759,51.46976,18.226866,18.279236,18.258541,18.206118
51.45727,18.295141,4.3423654e-05,51.429153,51.436943,51.485386,51.47759,18.279236,18.331726,18.311087,18.258541
51.465046,18.34772,5.887117e-05,51.436943,51.444702,51.493145,51.485386,18.331726,18.384338,18.363752,18.311087
51.47279,18.400421,3.3321696e-05,51.444702,51.452423,51.500874,51.493145,18.384338,18.437077,18.416546,18.363752
51.4805,18.45325,1.8711824e-05,51.452423,51.460114,51.508568,51.500874,18.437077,18.489943,18.469467,18.416546
51.48817,18.50621,3.9898343e-05,51.460114,51.467766,51.516228,51.508568,18.489943,18.542942,18.52252,18.469467
51.49581,18.559301,2.087239e-05,51.467766,51.475388,51.523857,51.516228,18.542942,18.596073,18.575706,18.52252
51.50342,18.61253,4.8738435e-05,51.475388,51.48298,51.531452,51.523857,18.596073,18.649342,18.629032,18.575706
51.510994,18.665895,2.8946537e-05,51.48298,51.490532,51.53901,51.531452,18.649342,18.702751,18.682495,18.629032
51.518536,18.719402,1.5924192e-05,51.490532,51.498055,51.54654,51.53901,18.702751,18.756302,18.736103,18.682495
51.526043,18.773054,5.793942e-05,51.498055,51.505543,51.55403,51.54654,18.756302,18.81,18.789856,18.736103
51.53352,18.826855,2.432052e-05,51.505543,51.512997,51.561493,51.55403,18.81,18.863846,18.843758,18.789856
51.540962,18.880804,3.3237706e-05,51.512997,51.52042,51.56892,51.561493,18.863846,18.917843,18.897812,18.843758
51.54837,18.934906,5.1124167e-05,51.52042,51.527813,51.576317,51.56892,18.917843,18.971996,18.95202,18.897812
51.555748,18.989166,3.216553e-05,51.527813,51.535168,51.58368,51.576317,18.971996,19.026306,19.006388,18.95202
51.56309,19.043585,5.2126397e-05,51.535168,51.542492,51.591007,51.58368,19.026306,19.080778,19.060917,19.006388
51.5704,19.098167,5.104291e-05,51.542492,51.549786,51.598305,51.591007,19.080778,19.135414,19.11561,19.060917
51.57768,19.152916,4.017126e-05,51.549786,51.55704,51.605568,51.598305,19.135414,19.190218,19.170471,19.11561
51.584923,19.207832,3.6066678e-05,51.55704,51.56427,51.6128,51.605568,19.190218,19.245192,19.225502,19.170471
51.592136,19.262922,3.5991347e-05,51.56427,51.57146,51.62,51.6128,19.245192,19.30034,19.280708,19.225502
51.599316,19.318188,5.560062e-05,51.57146,51.578625,51.627163,51.62,19.30034,19.355667,19.336092,19.280708
51.60646,19.373632,6.489612e-06,51.578625,51.58575,51.634296,51.627163,19.355667,19.411173,19.391657,19.336092
51.613575,19.42926,4.304246e-05,51.58575,51.592846,51.6414,51.634296,19.411173,19.466864,19.447407,19.391657
51.62066,19.485073,4.7726455e-05,51.592846,51.59991,51.648464,51.6414,19.466864,19.522741,19.503344,19.447407
51.627705,19.541077,4.2428826e-05,51.59991,51.60694,51.6555,51.648464,19.522741,19.578812,19.559471,19.503344
51.634724,19.597273,5.0372102e-05,51.60694,51.613937,51.662502,51.6555,19.578812,19.635075,19.615795,19.559471
51.641705,19.653664,3.333123e-05,51.613937,51.620903,51.66947,51.662502,19.635075,19.691536,19.672318,19.615795
51.648655,19.710257,5.031239e-05,51.620903,51.627834,51.676407,51.66947,19.691536,19.748201,19.72904,19.672318
51.655575,19.767052,4.6112367e-05,51.627834,51.63473,51.68331,51.676407,19.748201,19.80507,19.785969,19.72904
51.66246,19.824057,4.6012818e-05,51.63473,51.641598,51.69018,51.68331,19.80507,19.862148,19.84311,19.785969
51.66931,19.881271,3.0891824e-05,51.641598,51.64843,51.69702,51.69018,19.862148,19.91944,19.900461,19.84311
51.67613,19.9387,2.8387132e-05,51.64843,51.65523,51.703827,51.69702,19.91944,19.976948,19.958029,19.900461
51.682915,19.99635,3.9814524e-05,51.65523,51.662,51.710598,51.703827,19.976948,20.034678,20.01582,19.958029
51.689667,20.05422,2.1440692e-05,51.662,51.66873,51.717335,51.710598,20.034678,20.09263,20.073833,20.01582
51.69639,20.112318,2.2520788e-05,51.66873,51.67543,51.72404,51.717335,20.09263,20.150812,20.132078,20.073833
51.70307,20.170647,3.0120846e-05,51.67543,51.6821,51.73071,51.72404,20.150812,20.209227,20.190554,20.132078
51.709724,20.22921,2.9719611e-05,51.6821,51.688732,51.737347,51.73071,20.209227,20.267878,20.249268,20.190554
51.716343,20.288012,4.0278872e-05,51.688732,51.69533,51.743954,51.737347,20.267878,20.326769,20.308222,20.249268
51.722927,20.347057,3.3307897e-05,51.69533,51.701897,51.750523,51.743954,20.326769,20.385906,20.367422,20.308222
51.729477,20.40635,5.3163927e-05,51.701897,51.708427,51.757057,51.750523,20.385906,20.445293,20.426872,20.367422
51.735996,20.465895,4.8114234e-05,51.708427,51.714924,51.76356,51.757057,20.445293,20.504932,20.486574,20.426872
51.46629,18.01306,6.412203e-05,51.438095,51.446064,51.494476,51.486504,17.99757,18.04954,18.028605,17.97658
51.474243,18.065111,4.731325e-05,51.446064,51.453995,51.50242,51.494476,18.04954,18.10162,18.080738,18.028605
51.482162,18.117275,5.054733e-05,51.453995,51.461895,51.510323,51.50242,18.10162,18.153812,18.132984,18.080738
51.490044,18.16955,4.2609357e-05,51.461895,51.469757,51.518192,51.510323,18.153812,18.206118,18.185345,18.132984
51.497894,18.221943,3.4644425e-05,51.469757,51.47759,51.526028,51.518192,18.206118,18.258543,18.237823,18.185345
51.50571,18.274454,3.7316215e-05,51.47759,51.485382,51.53383,51.526028,18.258543,18.311087,18.29042,18.237823
51.513493,18.327085,2.664839e-05,51.485382,51.493145,51.541595,51.53383,18.311087,18.363754,18.343143,18.29042
51.52124,18.379843,7.6178285e-06,51.493145,51.500874,51.549328,51.541595,18.363754,18.416548,18.39599,18.343143
51.528954,18.432728,4.3577944e-05,51.500874,51.508568,51.55703,51.549328,18.416548,18.46947,18.448967,18.39599
51.536633,18.48574,2.951142e-05,51.508568,51.516228,51.564693,51.55703,18.46947,18.522522,18.502075,18.448967
51.54428,18.538889,6.173456e-05,51.516228,51.523853,51.572327,51.564693,18.522522,18.575708,18.555317,18.502075
51.55189,18.59217,4.938257e-05,51.523853,51.53145,51.579926,51.572327,18.575708,18.629032,18.608696,18.555317
51.55947,18.645592,3.3715278e-05,51.53145,51.53901,51.58749,51.579926,18.629032,18.682497,18.662216,18.608696
51.56702,18.699156,2.3761275e-05,51.53901,51.546535,51.595024,51.58749,18.682497,18.736103,18.71588,18.662216
51.57453,18.752863,3.5880053e-05,51.546535,51.55403,51.602524,51.595024,18.736103,18.789856,18.769688,18.71588
51.582012,18.806719,5.288081e-05,51.55403,51.561493,51.60999,51.602524,18.789856,18.843758,18.823647,18.769688
51.58946,18.860723,3.2378593e-05,51.561493,51.56892,51.617424,51.60999,18.843758,18.897812,18.877756,18.823647
51.596874,18.914885,2.5010471e-05,51.56892,51.576313,51.624825,51.617424,18.897812,18.952023,18.932022,18.877756
51.604256,18.9692,3.1257547e-05,51.576313,51.583675,51.63219,51.624825,18.952023,19.00639,18.986446,18.932022
51.611603,19.023676,2.5047586e-05,51.583675,51.591007,51.639526,51.63219,19.00639,19.060917,19.041033,18.986446
51.61892,19.078316,3.3123557e-05,51.591007,51.598305,51.646828,51.639526,19.060917,19.11561,19.095783,19.041033
51.6262,19.13312,3.2446864e-05,51.598305,51.605568,51.6541,51.646828,19.11561,19.170471,19.150702,19.095783
51.633453,19.188095,3.3766995e-05,51.605568,51.612797,51.661335,51.6541,19.170471,19.225504,19.205791,19.150702
51.64067,19.243242,5.8809015e-05,51.612797,51.619995,51.668537,51.661335,19.225504,19.28071,19.261055,19.205791
51.647854,19.298567,4.7970545e-05,51.619995,51.627163,51.67571,51.668537,19.28071,19.336094,19.316498,19.261055
51.655006,19.354069,4.1920204e-05,51.627163,51.634296,51.682846,51.67571,19.336094,19.391659,19.37212,19.316498
51.662125,19.409756,4.7093028e-05,51.634296,51.641396,51.689953,51.682846,19.391659,19.447407,19.427929,19.37212
51.669212,19.465628,4.2368712e-05,51.641396,51.648464,51.697025,51.689953,19.447407,19.503344,19.483925,19.427929
51.676266,19.521688,3.8109458e-05,51.648464,51.6555,51.704063,51.697025,19.503344,19.559473,19.540112,19.483925
51.68329,19.577944,5.1794952e-05,51.6555,51.662502,51.71107,51.704063,19.559473,19.615795,19.596495,19.540112
51.690277,19.634396,3.8434733e-05,51.662502,51.66947,51.718044,51.71107,19.615795,19.672318,19.653076,19.596495
51.69723,19.691048,3.329572e-05,51.66947,51.676407,51.724987,51.718044,19.672318,19.72904,19.709858,19.653076
51.704155,19.747904,3.5749268e-05,51.676407,51.68331,51.731895,51.724987,19.72904,19.78597,19.766848,19.709858
51.711044,19.804966,5.1579045e-05,51.68331,51.69018,51.73877,51.731895,19.78597,19.84311,19.824047,19.766848
51.7179,19.862242,3.2901928e-05,51.69018,51.697018,51.745613,51.73877,19.84311,19.900461,19.88146,19.824047
51.724724,19.919733,3.072946e-05,51.697018,51.703823,51.752422,51.745613,19.900461,19.95803,19.93909,19.88146
51.731514,19.977442,3.1882835e-05,51.703823,51.710594,51.759197,51.752422,19.95803,20.01582,19.996943,19.93909
51.73827,20.035376,4.9304555e-05,51.710594,51.71733,51.76594,51.759197,20.01582,20.073835,20.055017,19.996943
51.52266,18.044193,5.6969242e-05,51.494476,51.50242,51.550823,51.54288,18.028605,18.080738,18.059816,18.00763
51.530586,18.096409,1.9562722e-05,51.50242,51.510323,51.558735,51.550823,18.080738,18.132984,18.112116,18.059816
51.538475,18.148739,2.690075e-05,51.510323,51.518192,51.56661,51.558735,18.132984,18.185345,18.16453,18.112116
51.54633,18.201185,4.425489e-05,51.518192,51.526028,51.57445,51.56661,18.185345,18.237823,18.217064,18.16453
51.55415,18.253752,3.453348e-05,51.526028,51.53383,51.582256,51.57445,18.237823,18.29042,18.269716,18.217064
51.56194,18.306438,4.8723945e-05,51.53383,51.541595,51.59003,51.582256,18.29042,18.343143,18.322493,18.269716
51.56969,18.35925,6.3169304e-05,51.541595,51.549328,51.59777,51.59003,18.343143,18.39599,18.375395,18.322493
51.57741,18.412188,2.4390856e-05,51.549328,51.557026,51.605476,51.59777,18.39599,18.448967,18.428427,18.375395
51.585094,18.465258,3.4225086e-05,51.557026,51.564693,51.613148,51.605476,18.448967,18.502075,18.481588,18.428427
51.592747,18.51846,3.9852162e-05,51.564693,51.572327,51.620785,51.613148,18.502075,18.555317,18.534885,18.481588
51.60037,18.571798,5.690032e-05,51.572327,51.579926,51.628387,51.620785,18.555317,18.608696,18.588322,18.534885
51.607952,18.625275,3.751409e-05,51.579926,51.58749,51.63596,51.628387,18.608696,18.662216,18.641897,18.588322
51.615505,18.678894,2.8300985e-05,51.58749,51.595024,51.643497,51.63596,18.662216,18.71588,18.695616,18.641897
51.623024,18.732658,3.839318e-05,51.595024,51.602524,51.651005,51.643497,18.71588,18.769688,18.749481,18.695616
51.63051,18.78657,2.409405e-05,51.602524,51.60999,51.658474,51.651005,18.769688,18.823647,18.803495,18.749481
51.637962,18.840631,2.5887563e-05,51.60999,51.617424,51.665913,51.658474,18.823647,18.877756,18.857662,18.803495
51.645382,18.894848,3.663739e-05,51.617424,51.624825,51.67332,51.665913,18.877756,18.932022,18.911985,18.857662
51.652767,18.94922,2.5913128e-05,51.624825,51.63219,51.68069,51.67332,18.932022,18.986446,18.966465,18.911985
51.660122,19.003754,5.5284243e-05,51.63219,51.639526,51.68803,51.68069,18.986446,19.041033,19.021109,18.966465
51.667442,19.058449,5.357949e-05,51.639526,51.646828,51.69534,51.68803,19.041033,19.095783,19.075916,19.021109
51.67473,19.113312,3.6498142e-05,51.646828,51.6541,51.702614,51.69534,19.095783,19.150702,19.130892,19.075916
51.681984,19.168344,4.021188e-05,51.6541,51.66133,51.709854,51.702614,19.150702,19.205791,19.18604,19.130892
51.689205,19.22355,3.4925135e-05,51.66133,51.668537,51.717064,51.709854,19.205791,19.261055,19.241362,19.18604
51.696396,19.278933,6.367533e-05,51.668537,51.67571,51.72424,51.717064,19.261055,19.316498,19.296864,19.241362
51.703552,19.334494,4.272935e-05,51.67571,51.682846,51.73138,51.72424,19.316498,19.37212,19.352545,19.296864
51.71068,19.390238,4.1655076e-05,51.682846,51.68995,51.73849,51.73138,19.37212,19.427929,19.408411,19.352545
51.71777,19.446169,1.0070241e-05,51.68995,51.697025,51.74557,51.73849,19.427929,19.483925,19.464466,19.408411
51.724827,19.50229,3.1078904e-05,51.697025,51.704063,51.752613,51.74557,19.483925,19.540112,19.520714,19.464466
51.731853,19.558603,2.060154e-05,51.704063,51.71107,51.75963,51.752613,19.540112,19.596495,19.577154,19.520714
51.738846,19.615116,2.497674e-05,51.71107,51.718044,51.766605,51.75963,19.596495,19.653076,19.633797,19.577154
51.57105,18.023214,6.631425e-06,51.542877,51.550823,51.599224,51.591274,18.00763,18.059816,18.038866,17.986626
51.57898,18.075485,1.4452135e-05,51.550823,51.55873,51.60714,51.599224,18.059816,18.112116,18.09122,18.038866
51.586876,18.127869,5.06848e-05,51.55873,51.56661,51.61502,51.60714,18.112116,18.164532,18.14369,18.09122
51.594734,18.18037,4.1743242e-05,51.56661,51.574448,51.622868,51.61502,18.164532,18.217064,18.196276,18.14369
51.602562,18.232988,1.5199447e-05,51.574448,51.582256,51.63068,51.622868,18.217064,18.269716,18.248983,18.196276
51.610355,18.28573,1.5513257e-05,51.582256,51.590027,51.63846,51.63068,18.269716,18.322493,18.301815,18.248983
51.618114,18.338596,4.2689553e-05,51.590027,51.597767,51.646202,51.63846,18.322493,18.375395,18.354773,18.301815
51.62584,18.39159,5.371202e-05,51.597767,51.605473,51.653915,51.646202,18.375395,18.428427,18.407858,18.354773
51.63353,18.444715,1.0818231e-05,51.605473,51.613144,51.66159,51.653915,18.428427,18.48159,18.461077,18.407858
51.64119,18.497972,5.137903e-05,51.613144,51.62078,51.669235,51.66159,18.48159,18.534887,18.51443,18.461077
51.64881,18.551367,4.7808768e-05,51.62078,51.628387,51.676846,51.669235,18.534887,18.588322,18.56792,18.51443
51.656403,18.604898,4.4051743e-05,51.628387,51.63596,51.68442,51.676846,18.588322,18.641897,18.621552,18.56792
51.66396,18.658573,4.0272716e-05,51.63596,51.643497,51.691963,51.68442,18.641897,18.695616,18.675327,18.621552
51.671482,18.712393,5.3941934e-05,51.643497,51.651,51.699474,51.691963,18.695616,18.749481,18.729248,18.675327
51.678974,18.766361,7.727024e-06,51.651,51.658474,51.70695,51.699474,18.749481,18.803495,18.78332,18.729248
51.68643,18.82048,4.687621e-05,51.658474,51.665913,51.714394,51.70695,18.803495,18.857662,18.837543,18.78332
51.693855,18.874752,4.6424616e-06,51.665913,51.673317,51.721806,51.714394,18.857662,18.911985,18.891922,18.837543
51.70125,18.929182,2.0948717e-05,51.673317,51.68069,51.729183,51.721806,18.911985,18.966467,18.94646,18.891922
51.708607,18.983772,4.5655055e-05,51.68069,51.68803,51.73653,51.729183,18.966467,19.02111,19.001162,18.94646
51.715935,19.038527,4.3059797e-05,51.68803,51.695335,51.74384,51.73653,19.02111,19.075918,19.056026,19.001162
51.72323,19.093447,4.8783608e-05,51.695335,51.70261,51.75112,51.74384,19.075918,19.130894,19.11106,19.056026
51.730488,19.148537,5.466429e-05,51.70261,51.709854,51.758366,51.75112,19.130894,19.18604,19.166265,19.11106
51.737717,19.2038,4.7131052e-05,51.709854,51.71706,51.76558,51.758366,19.18604,19.241364,19.221645,19.166265
51.61946,18.002253,1.7124848e-05,51.591274,51.599224,51.647644,51.63969,17.986626,18.038868,18.017925,17.96563
51.6274,18.054577,4.365793e-05,51.599224,51.60714,51.655567,51.647644,18.038868,18.09122,18.070333,18.017925
51.6353,18.107016,2.9390792e-05,51.60714,51.61502,51.663452,51.655567,18.09122,18.14369,18.122856,18.070333
51.643166,18.15957,3.300084e-05,51.61502,51.622868,51.671307,51.663452,18.14369,18.196276,18.175497,18.122856
51.650997,18.212244,3.396212e-05,51.622868,51.63068,51.679123,51.671307,18.196276,18.248983,18.22826,18.175497
51.6588,18.265041,5.2849824e-05,51.63068,51.63846,51.68691,51.679123,18.248983,18.301815,18.281147,18.22826
51.66656,18.317963,3.5306715e-05,51.63846,51.646202,51.694656,51.68691,18.301815,18.354773,18.334158,18.281147
51.67429,18.371012,2.2435825e-05,51.646202,51.65391,51.702374,51.694656,18.354773,18.407858,18.3873,18.334158
51.681988,18.42419,2.4987126e-05,51.65391,51.66159,51.710056,51.702374,18.407858,18.461077,18.440575,18.3873
51.68965,18.477505,4.3639433e-05,51.66159,51.669235,51.717705,51.710056,18.461077,18.51443,18.493982,18.440575
51.69728,18.530954,4.009373e-05,51.669235,51.676846,51.72532,51.717705,18.51443,18.56792,18.54753,18.493982
51.704876,18.584543,2.8032984e-05,51.676846,51.68442,51.732903,51.72532,18.56792,18.621552,18.601217,18.54753
51.712437,18.638273,2.5745729e-05,51.68442,51.691963,51.74045,51.732903,18.621552,18.675327,18.655048,18.601217
51.719967,18.69215,2.0850184e-05,51.691963,51.699474,51.747967,51.74045,18.675327,18.729248,18.709026,18.655048
51.727463,18.746174,2.6718404e-05,51.699474,51.70695,51.755447,51.747967,18.729248,18.78332,18.763155,18.709026
51.73493,18.800348,5.1999268e-05,51.70695,51.714394,51.762897,51.755447,18.78332,18.837543,18.817434,18.763155
51.675823,18.033634,4.1449483e-05,51.647644,51.655563,51.704,51.69607,18.017925,18.070333,18.04939,17.996927
51.68373,18.086126,4.4266893e-05,51.655563,51.663452,51.71189,51.704,18.070333,18.122856,18.101969,18.04939
51.6916,18.138737,4.634515e-05,51.663452,51.671303,51.719746,51.71189,18.122856,18.175499,18.154665,18.101969
51.69944,18.191465,2.7971297e-05,51.671303,51.679123,51.72757,51.719746,18.175499,18.22826,18.207481,18.154665
51.707245,18.244316,3.4939883e-05,51.679123,51.686905,51.73536,51.72757,18.22826,18.281147,18.260424,18.207481
51.715015,18.297293,3.319835e-05,51.686905,51.694656,51.74312,51.73536,18.281147,18.33416,18.31349,18.260424
51.72275,18.350397,2.2327102e-05,51.694656,51.702374,51.75084,51.74312,18.33416,18.3873,18.366688,18.31349
51.730453,18.403633,6.563382e-05,51.702374,51.710052,51.758526,51.75084,18.3873,18.440575,18.420017,18.366688
51.73812,18.457003,4.536012e-05,51.710052,51.717705,51.766182,51.758526,18.440575,18.493984,18.473482,18.420017
51.724236,18.012636,5.4610384e-05,51.69607,51.704,51.75239,51.74446,17.996927,18.04939,18.028389,17.975872
51.732147,18.065184,4.9640774e-05,51.704,51.71189,51.760292,51.75239,18.04939,18.101969,18.081022,18.028389
